title,isAd,location,paymentOptions,highlightedAmenities,link,snippet_text,snippet_title,price_withTaxesAndCharges,price_currency,price_value,rating_score,rating_reviews,marketplace
Moxy Berlin Ostbahnhof,True,Friedrichshain,,,https://www.hotels.com/ho497828896/moxy-berlin-ostbahnhof-berlin-germany/,"Stylish, pet-friendly hotel in Friedrichshain-Kreuzberg connected to public transportation, comfy rooms and on-site Moxy Bar.",Lifestyle Hotel close to Ostbahnhof,120,$,107,8.8,596.0,hotelscom
Sheraton Berlin Grand Hotel Esplanade,True,Tiergarten,,,https://www.hotels.com/ho109823/sheraton-berlin-grand-hotel-esplanade-berlin-germany/,"An urban oasis of sleek design and intuitive service, located between Potsdamer Platz & Kudamm.",Berlin hotel with panoramic windows,183,$,163,8.6,1000.0,hotelscom
IntercityHotel Berlin Ostbahnhof,False,Friedrichshain,,,https://www.hotels.com/ho178251/intercityhotel-berlin-ostbahnhof-berlin-germany/,,,105,$,93,8.4,1005.0,hotelscom
URBAN LOFT Berlin,False,Berlin,,,https://www.hotels.com/ho2505665600/urban-loft-berlin-berlin-germany/,,,97,$,86,9.0,154.0,hotelscom
Dorint Kurfürstendamm Berlin,False,Berlin,Fully refundable,,https://www.hotels.com/ho185137/dorint-kurfurstendamm-berlin-berlin-germany/,,,166,$,148,9.2,1006.0,hotelscom
Melia Berlin,True,Mitte,,,https://www.hotels.com/ho234741/melia-berlin-berlin-germany/,WIFI free of charge. Online check-in. Exclusive area The Level with additional services and amenities. Underground parking.,Central location in Friedrichstrasse,146,$,130,9.0,1016.0,hotelscom
Pestana Berlin Tiergarten,True,Berlin,,Pool,https://www.hotels.com/ho377867/pestana-berlin-tiergarten-berlin-germany/,"Located in a central and quiet area next to the Tiergarten, Berlin's central park. Book now and Save",Book now this exclusive offer,128,$,114,8.6,1016.0,hotelscom
IntercityHotel Berlin Hauptbahnhof,False,Berlin,,,https://www.hotels.com/ho430898/intercityhotel-berlin-hauptbahnhof-berlin-germany/,,,93,$,83,8.6,1017.0,hotelscom
Steigenberger Hotel Am Kanzleramt,False,Berlin,,,https://www.hotels.com/ho437932/steigenberger-hotel-am-kanzleramt-berlin-germany/,,,126,$,113,9.2,1012.0,hotelscom
Apartmenthaus Berlin Mitte,False,Mitte,,,https://www.hotels.com/ho2918366240/apartmenthaus-berlin-mitte-dixcove-ghana/,,,118,$,105,10.0,3.0,hotelscom
The Social Hub Berlin,False,Mitte,,,https://www.hotels.com/ho1067296224/the-student-hotel-berlin-berlin-germany/,,,99,$,89,8.8,181.0,hotelscom
H4 Hotel Berlin Alexanderplatz,False,Mitte,,,https://www.hotels.com/ho356564/h4-hotel-berlin-alexanderplatz-berlin-germany/,,,124,$,111,8.8,1014.0,hotelscom
Park Inn by Radisson Berlin Alexanderplatz,False,Mitte,,,https://www.hotels.com/ho130899/park-inn-by-radisson-berlin-alexanderplatz-berlin-germany/,,,130,$,116,7.8,1009.0,hotelscom
Maritim proArte Hotel Berlin,False,Mitte,,Pool,https://www.hotels.com/ho119747/maritim-proarte-hotel-berlin-berlin-germany/,,,118,$,105,8.6,1019.0,hotelscom
Scandic Berlin Potsdamer Platz,False,Tiergarten,,,https://www.hotels.com/ho339860/scandic-berlin-potsdamer-platz-berlin-germany/,,,114,$,102,8.6,1005.0,hotelscom
Motel One Berlin - Alexanderplatz,False,Mitte,Fully refundable,,https://www.hotels.com/ho629325120/motel-one-berlin-alexanderplatz-berlin-germany/,,,137,$,122,9.0,475.0,hotelscom
nhow Berlin,False,Friedrichshain,,,https://www.hotels.com/ho353189/nhow-berlin-berlin-germany/,,,116,$,104,8.6,1002.0,hotelscom
Berlin Marriott Hotel,True,Tiergarten,Fully refundable,Pool,https://www.hotels.com/ho215578/berlin-marriott-hotel-berlin-germany/,"Benefit from comfortable design accommodation, various culinary offers, excellent service and perfect location at Potsdamer Platz.",Ideal location in the center of Berlin,275,$,245,9.0,999.0,hotelscom
LOGINN Hotel Berlin Airport,False,Berlin,"Reserve now, pay later",,https://www.hotels.com/ho2655567840/loginn-hotel-berlin-airport-berlin-germany/,,,107,$,85,8.8,46.0,hotelscom
Leonardo Royal Hotel Berlin Alexanderplatz,False,Friedrichshain,,,https://www.hotels.com/ho309124/leonardo-royal-hotel-berlin-alexanderplatz-berlin-germany/,,,114,$,102,8.8,1002.0,hotelscom
ARCOTEL John F Berlin,False,Mitte,,,https://www.hotels.com/ho279284/arcotel-john-f-berlin-berlin-germany/,,,118,$,105,8.8,985.0,hotelscom
Pestana Berlin Tiergarten,False,Berlin,,Pool,https://www.hotels.com/ho377867/pestana-berlin-tiergarten-berlin-germany/,,,128,$,114,8.6,1016.0,hotelscom
monbijou Hotel Berlin,False,Mitte,,,https://www.hotels.com/ho425949/monbijou-hotel-berlin-berlin-germany/,,,105,$,94,9.0,1003.0,hotelscom
Axel Hotel Berlin - Adults Only,False,Berlin,Fully refundable,,https://www.hotels.com/ho307561/axel-hotel-berlin-adults-only-berlin-germany/,,,125,$,112,7.4,1002.0,hotelscom
"Crowne Plaza Berlin City Centre, an IHG Hotel",False,Berlin,"Reserve now, pay later",Pool,https://www.hotels.com/ho148769/crowne-plaza-berlin-city-centre-berlin-germany/,,,119,$,102,9.0,1004.0,hotelscom
TITANIC Comfort Berlin Mitte,False,Mitte,Fully refundable,,https://www.hotels.com/ho375715/titanic-comfort-berlin-mitte-berlin-germany/,,,108,$,96,8.2,1005.0,hotelscom
the niu Dwarf,False,Schöneberg,"Reserve now, pay later",,https://www.hotels.com/ho1436962592/the-niu-dwarf-berlin-germany/,,,105,$,93,8.8,179.0,hotelscom
pentahotel Berlin Köpenick,False,Köpenick,,,https://www.hotels.com/ho138215/pentahotel-berlin-kopenick-berlin-germany/,,,120,$,107,8.6,586.0,hotelscom
Hotel Aquino Berlin,False,Mitte,Fully refundable,,https://www.hotels.com/ho1662996192/hotel-aquino-berlin-berlin-germany/,,,132,$,118,9.4,45.0,hotelscom
B&B Hotel Berlin-Alexanderplatz,False,Mitte,Fully refundable,,https://www.hotels.com/ho1917735744/b-b-hotel-berlin-alexanderplatz-berlin-germany/,,,94,$,84,8.2,157.0,hotelscom
Hotel AMO by AMANO Friedrichstraße,False,Mitte,,,https://www.hotels.com/ho1060124032/hotel-amo-by-amano-friedrichstra-e-berlin-germany/,,,76,$,68,8.6,184.0,hotelscom
Max Brown Kudamm,False,Wilmersdorf,,,https://www.hotels.com/ho332877/max-brown-kudamm-berlin-germany/,,,105,$,93,9.0,712.0,hotelscom
Select Hotel Berlin The Wall,False,Mitte,,,https://www.hotels.com/ho421534/select-hotel-berlin-the-wall-berlin-germany/,,,142,$,127,9.0,1010.0,hotelscom
Leonardo Hotel Berlin Mitte,False,Mitte,,,https://www.hotels.com/ho468840/leonardo-hotel-berlin-mitte-berlin-germany/,,,126,$,113,8.6,999.0,hotelscom
Hotel Riu Plaza Berlin,False,Berlin,Fully refundable,,https://www.hotels.com/ho531765/hotel-riu-plaza-berlin-berlin-germany/,,,115,$,102,8.6,1010.0,hotelscom
The Circus Hotel,False,Mitte,,,https://www.hotels.com/ho477631/the-circus-hotel-berlin-germany/,,,143,$,127,9.2,300.0,hotelscom
stilwerk Hotel KantGaragen,False,Berlin,,,https://www.hotels.com/ho2730539648/stilwerk-hotel-kantgaragen-berlin-germany/,,,135,$,120,9.8,12.0,hotelscom
Hyperion Hotel Berlin,False,Wilmersdorf,,,https://www.hotels.com/ho215816/hyperion-hotel-berlin-berlin-germany/,,,108,$,97,9.0,421.0,hotelscom
Motel One Berlin - Tiergarten,False,Schöneberg,Fully refundable,,https://www.hotels.com/ho350852/motel-one-berlin-tiergarten-berlin-germany/,,,125,$,112,8.6,648.0,hotelscom
Classik Hotel Alexander Plaza,False,Mitte,Fully refundable,,https://www.hotels.com/ho232896/classik-hotel-alexander-plaza-berlin-germany/,,,137,$,122,8.4,78.0,hotelscom
Motel Plus Berlin,False,Neukölln,,,https://www.hotels.com/ho436277/motel-plus-berlin-berlin-germany/,,,79,$,71,8.2,1006.0,hotelscom
H2 Hotel Berlin Alexanderplatz,False,Mitte,,Breakfast included,https://www.hotels.com/ho367856/h2-hotel-berlin-alexanderplatz-berlin-germany/,,,114,$,102,8.6,1003.0,hotelscom
Sheraton Berlin Grand Hotel Esplanade,False,Tiergarten,,,https://www.hotels.com/ho109823/sheraton-berlin-grand-hotel-esplanade-berlin-germany/,,,183,$,163,8.6,1000.0,hotelscom
Mercure Hotel Berlin City West,False,Berlin,,Pool,https://www.hotels.com/ho177282/mercure-hotel-berlin-city-west-berlin-germany/,,,124,$,111,7.8,647.0,hotelscom
numa I Novela Rooms & Apartments,False,Wilmersdorf,,,https://www.hotels.com/ho172040/numa-i-novela-rooms-apartments-berlin-germany/,,,157,$,140,8.8,30.0,hotelscom
Park Plaza Berlin Kudamm,False,Berlin,Fully refundable,,https://www.hotels.com/ho128842/park-plaza-berlin-kudamm-berlin-germany/,,,114,$,102,8.2,725.0,hotelscom
Select Hotel Berlin Checkpoint Charlie,False,Kreuzberg,,,https://www.hotels.com/ho240285/select-hotel-berlin-checkpoint-charlie-berlin-germany/,,,105,$,94,8.4,1006.0,hotelscom
Victor’s Residenz-Hotel Berlin-Tegel,False,Berlin,Fully refundable,,https://www.hotels.com/ho222791/victor-s-residenz-hotel-berlin-tegel-berlin-germany/,,,95,$,85,7.8,683.0,hotelscom
Mövenpick Hotel Berlin,False,Kreuzberg,,,https://www.hotels.com/ho216597/movenpick-hotel-berlin-berlin-germany/,,,134,$,119,8.8,999.0,hotelscom
Select Hotel Berlin Gendarmenmarkt,False,Mitte,,,https://www.hotels.com/ho307783/select-hotel-berlin-gendarmenmarkt-berlin-germany/,,,167,$,149,8.0,1008.0,hotelscom
Hotel MANI by AMANO,False,Mitte,,,https://www.hotels.com/ho395657/hotel-mani-by-amano-berlin-germany/,,,100,$,90,9.0,795.0,hotelscom
ibis Berlin Kurfürstendamm,False,Berlin,,,https://www.hotels.com/ho433135/ibis-berlin-kurfurstendamm-berlin-germany/,,,93,$,83,8.8,896.0,hotelscom
Mercure Hotel Berlin City,False,Mitte,,,https://www.hotels.com/ho205224/mercure-hotel-berlin-city-berlin-germany/,,,98,$,87,8.6,1002.0,hotelscom
Motel One Berlin - Kudamm,False,Berlin,Fully refundable,,https://www.hotels.com/ho298329/motel-one-berlin-kudamm-berlin-germany/,,,137,$,122,8.8,308.0,hotelscom
Titanic Chaussee Berlin,False,Mitte,Fully refundable,Pool,https://www.hotels.com/ho425544576/titanic-chaussee-berlin-berlin-germany/,,,122,$,109,8.6,1003.0,hotelscom
Melia Berlin,False,Mitte,,,https://www.hotels.com/ho234741/melia-berlin-berlin-germany/,,,146,$,130,9.0,1016.0,hotelscom
NH Collection Berlin Mitte am Checkpoint Charlie,False,Mitte,,,https://www.hotels.com/ho188765/nh-collection-berlin-mitte-am-checkpoint-charlie-berlin-germany/,,,152,$,136,8.6,1006.0,hotelscom
The Westin Grand Berlin,False,Mitte,Fully refundable,,https://www.hotels.com/ho126859/the-westin-grand-berlin-berlin-germany/,,,275,$,245,8.8,1001.0,hotelscom
Michelberger Hotel Berlin,False,Friedrichshain,Fully refundable,,https://www.hotels.com/ho475399/michelberger-hotel-berlin-berlin-germany/,,,193,$,172,9.0,567.0,hotelscom
Park Plaza Berlin,False,Berlin,Fully refundable,,https://www.hotels.com/ho200519/art-otel-berlin-kudamm-part-of-radisson-hotel-group-berlin-germany/,,,132,$,118,8.0,992.0,hotelscom
Quentin XL Potsdamer Platz Hotel,False,Tiergarten,,,https://www.hotels.com/ho943984160/quentin-xl-potsdamer-platz-hotel-berlin-germany/,,,102,$,91,7.2,290.0,hotelscom
Grand Hyatt Berlin,False,Tiergarten,Fully refundable,Pool,https://www.hotels.com/ho139595/grand-hyatt-berlin-berlin-germany/,,,275,$,245,9.2,1001.0,hotelscom
NH Collection Berlin Mitte Friedrichstrasse,False,Mitte,,,https://www.hotels.com/ho204149/nh-collection-berlin-mitte-friedrichstrasse-berlin-germany/,,,141,$,126,9.0,1009.0,hotelscom
ibis Styles Hotel Berlin Mitte,False,Mitte,,,https://www.hotels.com/ho354135/ibis-styles-hotel-berlin-mitte-berlin-germany/,,,119,$,106,8.6,983.0,hotelscom
Hotel AMANO Grand Central,False,Berlin,,,https://www.hotels.com/ho527834/hotel-amano-grand-central-berlin-germany/,,,108,$,96,8.8,1004.0,hotelscom
Clipper Boardinghouse – Berlin-Gendarmenmarkt,False,Mitte,Fully refundable,,https://www.hotels.com/ho431530/clipper-city-home-berlin-berlin-germany/,,,145,$,129,9.4,510.0,hotelscom
Hotel AMANO Rooms & Apartments,False,Mitte,,,https://www.hotels.com/ho309051/hotel-amano-rooms-apartments-berlin-germany/,,,75,$,67,8.6,824.0,hotelscom
Novotel Berlin Mitte,False,Mitte,,,https://www.hotels.com/ho203846/novotel-berlin-mitte-berlin-germany/,,,108,$,96,8.6,999.0,hotelscom
the niu Flash,False,Berlin,"Reserve now, pay later",,https://www.hotels.com/ho2251346592/the-niu-flash-berlin-germany/,,,101,$,90,8.0,43.0,hotelscom
Ameron Hotel Abion Spreebogen Berlin,False,Berlin,,,https://www.hotels.com/ho116495/ameron-hotel-abion-spreebogen-berlin-berlin-germany/,,,129,$,115,8.8,1003.0,hotelscom
art'otel Berlin Mitte powered by Radisson Hotels,False,Mitte,Fully refundable,,https://www.hotels.com/ho125584/art-otel-berlin-mitte-part-of-radisson-hotel-group-berlin-germany/,,,160,$,143,9.0,641.0,hotelscom
"Holiday Inn Express Berlin - Alexanderplatz, an IHG Hotel",False,Mitte,"Reserve now, pay later",Breakfast included,https://www.hotels.com/ho558242208/holiday-inn-express-berlin-alexanderplatz-an-ihg-hotel-berlin-germany/,,,139,$,120,8.8,1007.0,hotelscom
25hours Hotel Bikini Berlin,False,Berlin,,,https://www.hotels.com/ho445616/25hours-hotel-bikini-berlin-berlin-germany/,,,165,$,147,9.4,993.0,hotelscom
Leonardo Hotel Berlin,False,Berlin,,,https://www.hotels.com/ho311565/leonardo-hotel-berlin-berlin-germany/,,,97,$,87,8.6,1001.0,hotelscom
Leonardo Hotel Berlin KU'DAMM,False,Berlin,,,https://www.hotels.com/ho200759/leonardo-hotel-berlin-ku-damm-berlin-germany/,,,102,$,91,7.6,999.0,hotelscom
Mercure Hotel MOA Berlin,False,Berlin,,,https://www.hotels.com/ho359433/mercure-hotel-moa-berlin-berlin-germany/,,,108,$,96,8.8,1002.0,hotelscom
TITANIC Comfort Kurfürstendamm,False,Berlin,Fully refundable,,https://www.hotels.com/ho2216108480/titanic-comfort-kurfurstendamm-berlin-germany/,,,127,$,114,8.4,247.0,hotelscom
Capri by Fraser Berlin,False,Mitte,"Reserve now, pay later",,https://www.hotels.com/ho679274/capri-by-fraser-berlin-berlin-germany/,,,143,$,127,9.2,828.0,hotelscom
Novum Hotel Aldea Berlin Centrum,False,Schöneberg,,,https://www.hotels.com/ho203887/novum-hotel-aldea-berlin-centrum-berlin-germany/,,,91,$,82,7.6,1011.0,hotelscom
Scandic Berlin Kurfürstendamm,False,Berlin,Fully refundable,,https://www.hotels.com/ho134777/scandic-berlin-kurfurstendamm-berlin-germany/,,,115,$,103,8.6,1000.0,hotelscom
"Holiday Inn Express Berlin City Centre, an IHG Hotel",False,Kreuzberg,"Reserve now, pay later",Breakfast included,https://www.hotels.com/ho264376/holiday-inn-express-berlin-city-centre-berlin-germany/,,,111,$,99,8.4,1004.0,hotelscom
ibis Berlin City Potsdamer Platz,False,Kreuzberg,,,https://www.hotels.com/ho223240/ibis-berlin-city-potsdamer-platz-berlin-germany/,,,106,$,95,8.2,509.0,hotelscom
Hotel Mit-Mensch,False,Berlin,,,https://www.hotels.com/ho582225/hotel-mit-mensch-berlin-germany/,,,124,$,111,8.4,75.0,hotelscom
Gold Palais Hotel,False,Prenzlauer Berg,Fully refundable,,https://www.hotels.com/ho1477352320/gold-palais-hotel-berlin-germany/,,,182,$,162,8.6,24.0,hotelscom
Hotel Bleibtreu Berlin by Golden Tulip,False,Berlin,Fully refundable,,https://www.hotels.com/ho116223/hotel-bleibtreu-berlin-by-golden-tulip-berlin-germany/,,,87,$,78,8.4,701.0,hotelscom
Hotel AMANO East Side,False,Friedrichshain,,,https://www.hotels.com/ho2232577504/hotel-amano-east-side-berlin-germany/,,,81,$,72,8.2,87.0,hotelscom
Pullman Berlin Schweizerhof,False,Tiergarten,,Pool,https://www.hotels.com/ho186595/pullman-berlin-schweizerhof-berlin-germany/,,,185,$,165,9.2,995.0,hotelscom
aletto Hotel Potsdamer Platz,False,Kreuzberg,,,https://www.hotels.com/ho1453979616/aletto-hotel-potsdamer-platz-berlin-germany/,,,107,$,96,9.2,315.0,hotelscom
Mercure Hotel Berlin Mitte,False,Kreuzberg,,,https://www.hotels.com/ho203187/mercure-hotel-berlin-mitte-berlin-germany/,,,149,$,133,8.6,977.0,hotelscom
Moxy Berlin Ostbahnhof,False,Friedrichshain,,,https://www.hotels.com/ho497828896/moxy-berlin-ostbahnhof-berlin-germany/,,,120,$,107,8.8,596.0,hotelscom
"Crowne Plaza Berlin - Potsdamer Platz, an IHG Hotel",False,Kreuzberg,"Reserve now, pay later",,https://www.hotels.com/ho401714/crowne-plaza-berlin-potsdamer-platz-an-ihg-hotel-berlin-germany/,,,116,$,104,9.0,997.0,hotelscom
KPM Hotel & Residences,False,Berlin,,,https://www.hotels.com/ho1140220224/kpm-hotel-residences-berlin-germany/,,,261,$,233,9.6,98.0,hotelscom
acom Hotel Berlin Kurfürstendamm,False,Berlin,Fully refundable,,https://www.hotels.com/ho115412/azimut-hotel-kurfurstendamm-berlin-berlin-germany/,,,108,$,97,7.4,996.0,hotelscom
Hampton By Hilton Berlin City Centre Alexanderplatz,False,Mitte,,Breakfast included,https://www.hotels.com/ho572009856/hampton-by-hilton-berlin-city-centre-alexanderplatz-berlin-germany/,,,143,$,128,8.6,1008.0,hotelscom
Hotel ROMY by AMANO,False,Berlin,Fully refundable,,https://www.hotels.com/ho2232456288/hotel-romy-by-amano-berlin-germany/,,,123,$,110,8.8,200.0,hotelscom
Hotel Gat Point Charlie Berlin,False,Mitte,Fully refundable,,https://www.hotels.com/ho348114/hotel-gat-point-charlie-berlin-berlin-germany/,,,100,$,89,8.6,990.0,hotelscom
Berlin Marriott Hotel,False,Tiergarten,Fully refundable,Pool,https://www.hotels.com/ho215578/berlin-marriott-hotel-berlin-germany/,,,275,$,245,9.0,999.0,hotelscom
B&B Hotel Berlin City-Ost,False,Friedrichshain,,,https://www.hotels.com/ho262788/best-western-hotel-city-ost-berlin-germany/,,,85,$,76,8.0,988.0,hotelscom
DORMERO Hotel Berlin Ku'damm,False,Berlin,,,https://www.hotels.com/ho172931/dormero-hotel-berlin-ku-damm-berlin-germany/,,,93,$,83,7.4,94.0,hotelscom
Select Hotel Spiegelturm Berlin,False,Berlin,,,https://www.hotels.com/ho391073/select-hotel-spiegelturm-berlin-berlin-germany/,,,97,$,87,8.4,999.0,hotelscom
Select Hotel Spiegelturm Berlin,False,Berlin,,,https://www.hotels.com/ho391073/select-hotel-spiegelturm-berlin-berlin-germany/,,,97,$,87,8.4,999.0,hotelscom
H10 Berlin Ku'damm,False,Berlin,,,https://www.hotels.com/ho368032/h10-berlin-ku-damm-berlin-germany/,,,108,$,97,8.6,1000.0,hotelscom
Mercure Hotel Berlin Wittenbergplatz,False,Berlin,,,https://www.hotels.com/ho510243008/mercure-hotel-berlin-wittenbergplatz-berlin-germany/,,,123,$,110,9.2,943.0,hotelscom
Catalonia Berlin Mitte,False,Mitte,,,https://www.hotels.com/ho481255/catalonia-berlin-mitte-berlin-germany/,,,118,$,106,8.8,509.0,hotelscom
"Hotel Luc, Autograph Collection",False,Mitte,,,https://www.hotels.com/ho2348830880/hotel-luc-autograph-collection-berlin-germany/,,,274,$,245,9.0,17.0,hotelscom
Yggotel Spurv,False,Wilmersdorf,,,https://www.hotels.com/ho218533/novum-hotel-lichtburg-berlin-am-kurfurstendamm-berlin-germany/,,,95,$,85,9.0,16.0,hotelscom
ibis Berlin City Nord,False,Berlin,,,https://www.hotels.com/ho182878/ibis-berlin-city-nord-berlin-germany/,,,102,$,89,7.4,285.0,hotelscom
Hotel Palace Berlin,False,Berlin,Fully refundable,Pool,https://www.hotels.com/ho126942/hotel-palace-berlin-berlin-germany/,,,170,$,152,9.0,1003.0,hotelscom
Hotel ZOE by AMANO,False,Mitte,,,https://www.hotels.com/ho565243/hotel-zoe-by-amano-berlin-germany/,,,95,$,85,8.8,624.0,hotelscom
"Holiday Inn Berlin City West, an IHG Hotel",False,Berlin,"Reserve now, pay later",Pool,https://www.hotels.com/ho132470/holiday-inn-berlin-city-west-berlin-germany/,,,120,$,104,7.6,599.0,hotelscom
Best Western Hotel am Spittelmarkt Berlin,False,Mitte,Fully refundable,,https://www.hotels.com/ho271310/best-western-hotel-am-spittelmarkt-berlin-berlin-germany/,,,91,$,81,8.2,996.0,hotelscom
ibis Berlin Spandau,False,Berlin,,,https://www.hotels.com/ho199616/ibis-berlin-spandau-berlin-germany/,,,92,$,82,8.0,344.0,hotelscom
Cinderella Hotel & Cafe,False,Berlin,Fully refundable,,https://www.hotels.com/ho2376889568/cinderella-hotel-cafe-berlin-germany/,,,183,$,163,9.2,143.0,hotelscom
SANA Berlin Hotel,False,Berlin,,Pool,https://www.hotels.com/ho367746/sana-berlin-hotel-berlin-germany/,,,212,$,189,9.0,1004.0,hotelscom
Schulz Hotel Berlin Wall at the East Side Gallery,False,Friedrichshain,Fully refundable,,https://www.hotels.com/ho877710592/schulz-hotel-berlin-wall-at-the-east-side-gallery-berlin-germany/,,,105,$,94,8.8,288.0,hotelscom
Select Hotel Style Berlin,False,Berlin,,,https://www.hotels.com/ho433446/select-hotel-style-berlin-berlin-germany/,,,117,$,105,8.2,1000.0,hotelscom
the niu Hide,False,Lichtenberg,"Reserve now, pay later",,https://www.hotels.com/ho804756640/the-niu-hide-berlin-germany/,,,90,$,80,9.0,438.0,hotelscom
Aeronaut Serviced Apartments Neukölln-Kreuzberg powered by Pearl 1,False,Neukölln,Fully refundable,,https://www.hotels.com/ho1177572448/aeronaut-powered-by-pearl-1-living-and-yachting-hospitality-berlin-germany/,,,205,$,183,7.2,18.0,hotelscom
Gold Hotel Berlin,False,Friedrichshain,Fully refundable,,https://www.hotels.com/ho381263/gold-hotel-berlin-berlin-germany/,,,165,$,147,8.4,159.0,hotelscom
Hotel Oderberger Berlin,False,Prenzlauer Berg,,Pool,https://www.hotels.com/ho486591/hotel-oderberger-berlin-berlin-germany/,,,184,$,165,9.0,219.0,hotelscom
Hotel AI Königshof,False,Berlin,,,https://www.hotels.com/ho293384/hotel-ai-konigshof-berlin-germany/,,,96,$,86,7.4,160.0,hotelscom
GINN City & Lounge Yorck Berlin,False,Kreuzberg,,,https://www.hotels.com/ho1568309472/ginn-city-lounge-yorck-berlin-berlin-germany/,,,175,$,156,9.0,38.0,hotelscom
Lindner Hotel Am Ku'damm,False,Berlin,"Reserve now, pay later",,https://www.hotels.com/ho215329/lindner-hotel-am-ku-damm-berlin-germany/,,,139,$,124,8.8,1002.0,hotelscom
NH Berlin Kurfürstendamm,False,Berlin,,,https://www.hotels.com/ho121798/nh-berlin-kurfurstendamm-berlin-germany/,,,136,$,121,8.4,998.0,hotelscom
Hilton Berlin,False,Mitte,,Pool,https://www.hotels.com/ho126327/hilton-berlin-berlin-germany/,,,205,$,183,8.4,1004.0,hotelscom
Victor's Residenz-Hotel Berlin,False,Prenzlauer Berg,Fully refundable,,https://www.hotels.com/ho219450/victor-s-residenz-hotel-berlin-berlin-germany/,,,113,$,101,8.8,992.0,hotelscom
Hotel Berlin Mitte by Campanile,False,Mitte,,,https://www.hotels.com/ho309238/hotel-berlin-mitte-by-campanile-berlin-germany/,,,103,$,92,8.0,609.0,hotelscom
Novum Hotel Gates Berlin Charlottenburg,False,Berlin,,,https://www.hotels.com/ho203117/novum-hotel-gates-berlin-charlottenburg-berlin-germany/,,,104,$,92,8.2,1008.0,hotelscom
Wyndham Garden Berlin Mitte,False,Berlin,"Reserve now, pay later",,https://www.hotels.com/ho264842/wyndham-garden-berlin-mitte-berlin-germany/,,,108,$,93,7.6,895.0,hotelscom
Mercure Hotel Berlin Zentrum,False,Berlin,,,https://www.hotels.com/ho133319/mercure-hotel-berlin-zentrum-berlin-germany/,,,126,$,113,8.0,781.0,hotelscom
centrovital Hotel Berlin,False,Berlin,,Pool,https://www.hotels.com/ho222274/centrovital-spa-sports-hotel-berlin-germany/,,,151,$,135,8.4,843.0,hotelscom
Hotel Zoo Berlin,False,Berlin,Fully refundable,,https://www.hotels.com/ho133651/hotel-zoo-berlin-berlin-germany/,,,254,$,227,9.0,567.0,hotelscom
"Holiday Inn Berlin - City East Side, an IHG Hotel",False,Friedrichshain,Fully refundable,,https://www.hotels.com/ho449913/holiday-inn-berlin-city-east-side-berlin-germany/,,,206,$,184,9.0,871.0,hotelscom
Selina Berlin Mitte,False,Berlin,,,https://www.hotels.com/ho2853051168/selina-berlin-mitte-berlin-germany/,,,203,$,181,8.0,6.0,hotelscom
ibis Berlin Mitte,False,Prenzlauer Berg,,,https://www.hotels.com/ho184427/ibis-berlin-mitte-berlin-germany/,,,103,$,92,8.4,728.0,hotelscom
ibis Berlin Hauptbahnhof,False,Berlin,,,https://www.hotels.com/ho511736/ibis-berlin-hauptbahnhof-berlin-germany/,,,120,$,107,8.8,703.0,hotelscom
The Mandala Hotel Berlin,False,Tiergarten,Fully refundable,,https://www.hotels.com/ho180370/the-mandala-hotel-berlin-berlin-germany/,,,263,$,235,9.4,993.0,hotelscom
about:berlin Hotel,False,Berlin,,,https://www.hotels.com/ho170795/about-berlin-hotel-berlin-germany/,,,170,$,152,9.0,90.0,hotelscom
Hotel Villa Kastania,False,Berlin,,Pool,https://www.hotels.com/ho200787/hotel-villa-kastania-berlin-germany/,,,130,$,116,8.6,464.0,hotelscom
Motel One Berlin - Upper West,False,Berlin,Fully refundable,,https://www.hotels.com/ho547139712/motel-one-berlin-upper-west-berlin-germany/,,,148,$,132,9.0,476.0,hotelscom
Hotel Adlon Kempinski,False,Mitte,Fully refundable,Pool,https://www.hotels.com/ho128767/hotel-adlon-kempinski-berlin-germany/,,,460,$,411,9.4,1006.0,hotelscom
Essential by Dorint Berlin-Adlershof,False,Adlershof,Fully refundable,,https://www.hotels.com/ho199852/essential-by-dorint-berlin-adlershof-berlin-germany/,,,129,$,116,8.6,283.0,hotelscom
Hotel Lützow,False,Tiergarten,Fully refundable,,https://www.hotels.com/ho313198/hotel-lutzow-berlin-germany/,,,89,$,79,7.8,990.0,hotelscom
Motel One Berlin - Spittelmarkt,False,Mitte,Fully refundable,,https://www.hotels.com/ho364630/motel-one-berlin-spittelmarkt-berlin-germany/,,,137,$,122,9.0,329.0,hotelscom
Apartmenthaus Berlin Mitte,False,Mitte,,,https://www.hotels.com/ho2918366240/apartmenthaus-berlin-mitte-dixcove-ghana/,,,118,$,105,10.0,3.0,hotelscom
Hotel Bristol Berlin,False,Berlin,Fully refundable,Pool,https://www.hotels.com/ho109357/hotel-bristol-berlin-berlin-germany/,,,165,$,147,8.4,1005.0,hotelscom
Novotel Berlin Am Tiergarten,False,Berlin,,,https://www.hotels.com/ho224162/novotel-berlin-am-tiergarten-berlin-germany/,,,130,$,116,8.8,999.0,hotelscom
numa I Arc Rooms & Apartments,False,Kreuzberg,,,https://www.hotels.com/ho220231/angleterre-hotel-berlin-germany/,,,159,$,142,8.4,998.0,hotelscom
Hotel Ludwig van Beethoven,False,Kreuzberg,,Breakfast included,https://www.hotels.com/ho406892/hotel-ludwig-van-beethoven-berlin-germany/,,,98,$,88,8.8,990.0,hotelscom
Park Plaza Wallstreet Berlin Mitte,False,Mitte,Fully refundable,,https://www.hotels.com/ho238984/park-plaza-wallstreet-berlin-mitte-berlin-germany/,,,137,$,122,8.6,995.0,hotelscom
Hotelpension Margrit,False,Wilmersdorf,,Breakfast included,https://www.hotels.com/ho314081/hotelpension-margrit-berlin-germany/,,,76,$,68,7.6,149.0,hotelscom
"InterContinental Berlin, an IHG Hotel",False,Tiergarten,"Reserve now, pay later",Pool,https://www.hotels.com/ho106207/intercontinental-berlin-berlin-germany/,,,265,$,226,9.2,1002.0,hotelscom
"Hotel Berlin, Berlin, a member of Radisson Individuals",False,Tiergarten,,,https://www.hotels.com/ho163175/hotel-berlin-berlin-berlin-germany/,,,131,$,117,8.0,1017.0,hotelscom
TITANIC Gendarmenmarkt Berlin,False,Mitte,Fully refundable,,https://www.hotels.com/ho477652/titanic-gendarmenmarkt-berlin-berlin-germany/,,,284,$,254,9.2,1005.0,hotelscom
Leonardo Boutique Hotel Berlin City South,False,Berlin,,,https://www.hotels.com/ho233361/leonardo-boutique-hotel-berlin-city-south-berlin-germany/,,,99,$,89,8.0,461.0,hotelscom
TWO Hotel Berlin by Axel - Adults Only,False,Wilmersdorf,Fully refundable,,https://www.hotels.com/ho650719/two-hotel-berlin-by-axel-adults-only-berlin-germany/,,,102,$,91,8.2,797.0,hotelscom
Mercure Hotel & Residenz Checkpoint Charlie,False,Mitte,,,https://www.hotels.com/ho192445/mercure-hotel-residenz-checkpoint-charlie-berlin-germany/,,,140,$,125,9.0,994.0,hotelscom
Abacus Tierpark Hotel Berlin,False,Berlin,,,https://www.hotels.com/ho200481/abacus-tierpark-hotel-berlin-berlin-germany/,,,107,$,96,8.0,632.0,hotelscom
"Hotel am Steinplatz, Autograph Collection",False,Berlin,,,https://www.hotels.com/ho441511/hotel-am-steinplatz-autograph-collection-berlin-germany/,,,269,$,240,9.6,564.0,hotelscom
Best Western Hotel Berlin-Mitte,False,Mitte,Fully refundable,,https://www.hotels.com/ho255035/best-western-hotel-berlin-mitte-berlin-germany/,,,114,$,102,7.8,804.0,hotelscom
City Hotel am Kurfürstendamm,False,Berlin,,,https://www.hotels.com/ho269896/city-hotel-am-kurfurstendamm-berlin-germany/,,,173,$,154,6.4,662.0,hotelscom
"Hotel Indigo Berlin - East Side Gallery, an IHG Hotel",False,Friedrichshain,Fully refundable,,https://www.hotels.com/ho887595808/hotel-indigo-berlin-east-side-gallery-an-ihg-hotel-berlin-germany/,,,252,$,215,9.4,241.0,hotelscom
NH Berlin Alexanderplatz,False,Friedrichshain,,,https://www.hotels.com/ho164663/nh-berlin-alexanderplatz-berlin-germany/,,,145,$,129,8.4,302.0,hotelscom
greet Berlin Alexanderplatz,False,Mitte,,,https://www.hotels.com/ho359019/greet-berlin-alexanderplatz-opening-march-2022-berlin-germany/,,,143,$,126,8.0,709.0,hotelscom
Motel One Berlin - Potsdamer Platz,False,Mitte,Fully refundable,,https://www.hotels.com/ho463499/motel-one-berlin-potsdamer-platz-berlin-germany/,,,137,$,122,9.0,371.0,hotelscom
Hotel Adele,False,Prenzlauer Berg,,,https://www.hotels.com/ho330802/hotel-adele-berlin-germany/,,,124,$,111,8.0,105.0,hotelscom
Quentin Design Hotel Berlin,False,Berlin,,,https://www.hotels.com/ho230823/quentin-design-hotel-berlin-berlin-germany/,,,87,$,77,7.2,630.0,hotelscom
abba Berlin hotel,False,Berlin,,,https://www.hotels.com/ho331700/abba-berlin-hotel-berlin-germany/,,,109,$,97,8.6,749.0,hotelscom
ibis Styles Berlin City Ost,False,Friedrichshain,,,https://www.hotels.com/ho218308/ibis-styles-berlin-city-ost-berlin-germany/,,,99,$,88,8.2,585.0,hotelscom
Ocak Hotel,False,Berlin,,,https://www.hotels.com/ho1857316192/ocak-hotel-berlin-germany/,,,179,$,160,7.6,40.0,hotelscom
Vienna House by Wyndham Andel's Berlin,False,Prenzlauer Berg,,Hot tub,https://www.hotels.com/ho279149/vienna-house-andel-s-berlin-berlin-germany/,,,164,$,147,8.8,1000.0,hotelscom
Hollywood Media Hotel,False,Berlin,,,https://www.hotels.com/ho449552/hollywood-media-hotel-berlin-germany/,,,119,$,106,8.8,1012.0,hotelscom
The Weinmeister Berlin-Mitte - Adults Only,False,Berlin,,,https://www.hotels.com/ho401126/the-weinmeister-berlin-mitte-adults-only-berlin-germany/,,,139,$,124,8.2,770.0,hotelscom
Vienna House Easy by Wyndham Berlin Prenzlauer Berg,False,Prenzlauer Berg,Fully refundable,,https://www.hotels.com/ho171208/vienna-house-easy-berlin-berlin-germany/,,,171,$,153,9.0,707.0,hotelscom
Eurostars Berlin,False,Mitte,Fully refundable,,https://www.hotels.com/ho368508/eurostars-berlin-berlin-germany/,,,162,$,145,8.8,995.0,hotelscom
Hotel Prens Berlin,False,Kreuzberg,Fully refundable,,https://www.hotels.com/ho398820/hotel-prens-berlin-berlin-germany/,,,125,$,106,7.8,304.0,hotelscom
Courtyard by Marriott Berlin City Center,False,Mitte,,,https://www.hotels.com/ho229055/courtyard-by-marriott-berlin-city-center-berlin-germany/,,,166,$,148,9.2,30.0,hotelscom
"Provocateur, Berlin, a Member of Design Hotels",False,Wilmersdorf,"Reserve now, pay later",,https://www.hotels.com/ho642384/provocateur-berlin-germany/,,,137,$,122,9.0,210.0,hotelscom
harry's home hotel & apartments,False,Berlin,,,https://www.hotels.com/ho2879742368/harry-s-home-hotel-apartments-berlin-germany/,,,132,$,118,,,hotelscom
Henri Hotel Berlin,False,Berlin,Fully refundable,,https://www.hotels.com/ho122327/henri-hotel-berlin-kurfurstendamm-berlin-germany/,,,142,$,127,8.8,288.0,hotelscom
Novum Hotel City B Berlin Centrum,False,Schöneberg,,,https://www.hotels.com/ho252625/novum-hotel-city-b-berlin-centrum-berlin-germany/,,,117,$,105,7.6,1005.0,hotelscom
Casa Camper Berlin,False,Berlin,Fully refundable,,https://www.hotels.com/ho325073/casa-camper-berlin-berlin-germany/,,,293,$,262,9.6,592.0,hotelscom
Hotel Goldmarie,False,Friedrichshain,Fully refundable,,https://www.hotels.com/ho644384160/hotel-goldmarie-berlin-germany/,,,116,$,103,7.8,267.0,hotelscom
Hotel Elba am Kurfürstendamm - Design Chambers,False,Berlin,Fully refundable,,https://www.hotels.com/ho284956/hotel-elba-am-kurfurstendamm-design-chambers-berlin-germany/,,,149,$,133,8.6,72.0,hotelscom
Motel One Berlin Bellevue,False,Berlin,Fully refundable,,https://www.hotels.com/ho350853/motel-one-berlin-bellevue-berlin-germany/,,,125,$,112,8.8,523.0,hotelscom
Motel One Berlin - Hackescher Markt,False,Berlin,Fully refundable,,https://www.hotels.com/ho278729/motel-one-berlin-hackescher-markt-berlin-germany/,,,137,$,122,8.8,266.0,hotelscom
"Holiday Inn Berlin City Center East Prenzlauer Berg, an IHG Hotel",False,Prenzlauer Berg,"Reserve now, pay later",,https://www.hotels.com/ho105554/holiday-inn-berlin-city-center-east-prenzlauer-berg-berlin-germany/,,,137,$,122,8.4,881.0,hotelscom
Hotel Neuer Fritz Berlin,False,Mitte,,,https://www.hotels.com/ho284788/hotel-neuer-fritz-berlin-berlin-germany/,,,166,$,148,8.4,59.0,hotelscom
Hotel Tiergarten Berlin,False,Berlin,Fully refundable,,https://www.hotels.com/ho109530/hotel-tiergarten-berlin-berlin-germany/,,,120,$,107,8.2,308.0,hotelscom
Living Hotel Berlin Mitte,False,Mitte,,,https://www.hotels.com/ho195033/living-hotel-berlin-mitte-berlin-germany/,,,124,$,111,8.4,990.0,hotelscom
Aspria Berlin Ku damm,False,Berlin,,Pool,https://www.hotels.com/ho268430/aspria-berlin-ku-damm-berlin-germany/,,,168,$,150,8.8,275.0,hotelscom
Motel & Rasthof Avus,False,Berlin,Fully refundable,Breakfast included,https://www.hotels.com/ho3027904/motel-rasthof-avus-berlin-germany/,,,102,$,91,8.2,49.0,hotelscom
INNSiDE by Meliá Berlin Mitte,False,Mitte,Fully refundable,,https://www.hotels.com/ho360863/innside-by-melia-berlin-mitte-berlin-germany/,,,96,$,86,8.8,997.0,hotelscom
Best Western Plus Plaza Berlin Kurfuerstendamm,False,Berlin,,,https://www.hotels.com/ho427789/best-western-plus-plaza-berlin-kurfuerstendamm-berlin-germany/,,,131,$,117,8.2,995.0,hotelscom
Hotel Kastanienhof Berlin,False,Mitte,Fully refundable,,https://www.hotels.com/ho393713/hotel-kastanienhof-berlin-berlin-germany/,,,178,$,159,8.8,253.0,hotelscom
Yggotel Ravn,False,Wilmersdorf,,,https://www.hotels.com/ho218534/hotel-franke-berlin-germany/,,,104,$,93,7.8,997.0,hotelscom
SO/ Berlin Das Stue,False,Berlin,,Pool,https://www.hotels.com/ho414464/so-berlin-das-stue-berlin-germany/,,,442,$,395,9.6,712.0,hotelscom
Air in Berlin Hotel,False,Berlin,,,https://www.hotels.com/ho200674/air-in-berlin-hotel-berlin-germany/,,,204,$,182,7.8,852.0,hotelscom
acama Hotel & Hostel Kreuzberg,False,Kreuzberg,,,https://www.hotels.com/ho409005/acama-hotel-hostel-kreuzberg-berlin-germany/,,,87,$,78,7.4,592.0,hotelscom
ADELANTE Boutique Hotel,False,Mitte,Fully refundable,,https://www.hotels.com/ho357819/adelante-boutique-hotel-berlin-germany/,,,164,$,146,9.2,264.0,hotelscom
ADELANTE Boutique Hotel,False,Mitte,Fully refundable,,https://www.hotels.com/ho357819/adelante-boutique-hotel-berlin-germany/,,,164,$,146,9.2,264.0,hotelscom
Hotel the YARD,False,Kreuzberg,,Pool,https://www.hotels.com/ho654638/hotel-the-yard-berlin-germany/,,,166,$,149,9.0,249.0,hotelscom
H+ Hotel Berlin Mitte,False,Mitte,,Breakfast included,https://www.hotels.com/ho232116/h-hotel-berlin-mitte-berlin-germany/,,,119,$,107,8.6,1000.0,hotelscom
Hotel Carolinenhof,False,Wilmersdorf,Fully refundable,Breakfast included,https://www.hotels.com/ho170804/hotel-carolinenhof-berlin-germany/,,,151,$,135,8.2,399.0,hotelscom
JW Marriott Hotel Berlin,False,Berlin,Fully refundable,Pool,https://www.hotels.com/ho226979/hotel-berlin-central-district-berlin-germany/,,,206,$,184,8.6,1007.0,hotelscom
Hotel Vier Jahreszeiten Berlin City,False,Kreuzberg,,,https://www.hotels.com/ho438867/hotel-vier-jahreszeiten-berlin-city-berlin-germany/,,,123,$,110,8.0,266.0,hotelscom
Down Town Motel,False,Berlin,Fully refundable,,https://www.hotels.com/ho1067162368/down-town-motel-karolinenhof-germany/,,,114,$,102,10.0,1.0,hotelscom
Fjord Hotel Berlin,False,Tiergarten,Fully refundable,,https://www.hotels.com/ho243926/fjord-hotel-berlin-berlin-germany/,,,105,$,94,8.4,991.0,hotelscom
Ku' Damm 101 Hotel,False,Berlin,Fully refundable,,https://www.hotels.com/ho204151/ku-damm-101-hotel-berlin-germany/,,,157,$,140,8.4,993.0,hotelscom
Hotel LINDEMANN'S Berlin,False,Schöneberg,Fully refundable,,https://www.hotels.com/ho261905/hotel-lindemann-s-berlin-berlin-germany/,,,98,$,88,8.8,992.0,hotelscom
Hotel Karlshorst,False,Berlin,,,https://www.hotels.com/ho549905/hotel-karlshorst-berlin-germany/,,,148,$,132,6.4,612.0,hotelscom
Classik Hotel Hackescher Markt,False,Mitte,Fully refundable,,https://www.hotels.com/ho191267/classik-hotel-hackescher-markt-berlin-germany/,,,130,$,116,8.4,234.0,hotelscom
Wilmina,False,Berlin,Fully refundable,,https://www.hotels.com/ho2849974752/wilmina-berlin-germany/,,,163,$,146,10.0,1.0,hotelscom
Honigmond Boutique Hotel Berlin - Mitte,False,Mitte,,,https://www.hotels.com/ho454547/honigmond-boutique-hotel-berlin-mitte-berlin-germany/,,,214,$,191,9.2,144.0,hotelscom
Alfa Hotel,False,Berlin,,,https://www.hotels.com/ho200289/alfa-hotel-berlin-germany/,,,97,$,86,8.0,987.0,hotelscom
NH Berlin Potsdamer Platz,False,Kreuzberg,,,https://www.hotels.com/ho356363/nh-berlin-potsdamer-platz-berlin-germany/,,,122,$,109,8.6,733.0,hotelscom
Quentin Boutique Hotel,False,Berlin,,,https://www.hotels.com/ho393607/quentin-boutique-hotel-berlin-germany/,,,93,$,83,7.8,536.0,hotelscom
Ameron Boutique Hotel Villa Abion Berlin,False,Berlin,Fully refundable,,https://www.hotels.com/ho353942/ameron-boutique-hotel-villa-abion-berlin-berlin-germany/,,,192,$,171,9.4,160.0,hotelscom
Novotel Suites Berlin City Potsdamer Platz,False,Kreuzberg,,,https://www.hotels.com/ho238965/novotel-suites-berlin-city-potsdamer-platz-berlin-germany/,,,189,$,169,8.2,995.0,hotelscom
Upper Room Hotel Kurfurstendamm,False,Berlin,Fully refundable,,https://www.hotels.com/ho562448/upper-room-hotel-kurfurstendamm-berlin-germany/,,,79,$,71,6.8,655.0,hotelscom
Grand Hostel Berlin Urban,False,Neukölln,,,https://www.hotels.com/ho209793/grand-hostel-berlin-urban-berlin-germany/,,,69,$,61,7.8,520.0,hotelscom
"The Ritz-Carlton, Berlin",False,Tiergarten,,Pool,https://www.hotels.com/ho216476/the-ritz-carlton-berlin-berlin-germany/,,,471,$,421,9.4,991.0,hotelscom
Living Hotel Großer Kurfürst,False,Mitte,,,https://www.hotels.com/ho186151/living-hotel-gro-er-kurfurst-berlin-germany/,,,116,$,104,8.6,983.0,hotelscom
H+ Hotel 4 Youth Berlin Mitte,False,Berlin,,Breakfast included,https://www.hotels.com/ho351778/h-hotel-4-youth-berlin-mitte-berlin-germany/,,,133,$,119,8.4,584.0,hotelscom
Sir Savigny Hotel Berlin,False,Berlin,,,https://www.hotels.com/ho343364/sir-savigny-hotel-berlin-berlin-germany/,,,134,$,120,8.8,993.0,hotelscom
Hotel & Apartments Zarenhof Berlin Prenzlauer Berg,False,Berlin,,,https://www.hotels.com/ho266714/hotel-apartments-zarenhof-berlin-prenzlauer-berg-berlin-germany/,,,128,$,115,8.2,737.0,hotelscom
Novum Hotel Kronprinz Berlin,False,Berlin,,,https://www.hotels.com/ho134457/novum-hotel-kronprinz-berlin-berlin-germany/,,,96,$,86,7.8,993.0,hotelscom
NH Berlin City Ost,False,Lichtenberg,,,https://www.hotels.com/ho249015/nh-berlin-city-ost-berlin-germany/,,,98,$,87,7.8,427.0,hotelscom
COSMO Hotel Berlin Mitte,False,Mitte,Fully refundable,,https://www.hotels.com/ho474945/cosmo-hotel-berlin-mitte-berlin-germany/,,,183,$,163,9.0,475.0,hotelscom
Hotel Am Schloss Koepenick Berlin by Golden Tulip,False,Köpenick,Fully refundable,,https://www.hotels.com/ho191666/hotel-am-schloss-koepenick-berlin-by-golden-tulip-berlin-germany/,,,78,$,69,7.6,426.0,hotelscom
Hotel Spreewitz am Kurfürstendamm,False,Berlin,,,https://www.hotels.com/ho260931/hotel-spreewitz-am-kurfurstendamm-berlin-germany/,,,88,$,79,7.0,315.0,hotelscom
Gorki Apartments Berlin,False,Mitte,,,https://www.hotels.com/ho450198/gorki-apartments-berlin-berlin-germany/,,,292,$,261,9.8,220.0,hotelscom
Hotel Bohemia,False,Neukölln,,,https://www.hotels.com/ho397586/hotel-bohemia-by-vivere-stays-berlin-germany/,,,126,$,113,7.6,193.0,hotelscom
MOXY Berlin Humboldthain Park,False,Berlin,Fully refundable,,https://www.hotels.com/ho122076/moxy-berlin-humboldthain-park-berlin-germany/,,,137,$,122,8.6,284.0,hotelscom
DämeritzSeehotel,False,Berlin,,,https://www.hotels.com/ho458348/dameritzseehotel-hessenwinkel-germany/,,,152,$,136,8.2,77.0,hotelscom
Regent Berlin,False,Mitte,"Reserve now, pay later",,https://www.hotels.com/ho127264/regent-berlin-berlin-germany/,,,399,$,331,9.6,908.0,hotelscom
Boxi Studios Berlin,False,Friedrichshain,,,https://www.hotels.com/ho2918372992/boxi-studios-berlin-berlin-germany/,,,128,$,114,8.4,5.0,hotelscom
Louisa's Place,False,Wilmersdorf,Fully refundable,Pool,https://www.hotels.com/ho219291/louisa-s-place-berlin-germany/,,,287,$,257,9.4,782.0,hotelscom
ibis Berlin Messe,False,Berlin,,,https://www.hotels.com/ho181240/ibis-berlin-messe-berlin-germany/,,,99,$,88,7.8,524.0,hotelscom
Amaya Motel,False,Neukölln,Fully refundable,,https://www.hotels.com/ho1229587552/amaya-motel-berlin-germany/,,,89,$,80,6.4,17.0,hotelscom
Hotel City Green Berlin,False,Berlin,Fully refundable,,https://www.hotels.com/ho688507136/hotel-city-green-berlin-berlin-germany/,,,93,$,83,8.2,146.0,hotelscom
aletto Hotel Kudamm,False,Berlin,,,https://www.hotels.com/ho409341/aletto-hotel-kudamm-berlin-germany/,,,90,$,80,8.4,996.0,hotelscom
Hotel Ambiente Berlin City,False,Schöneberg,,,https://www.hotels.com/ho468376/hotel-ambiente-berlin-city-berlin-germany/,,,82,$,73,7.0,459.0,hotelscom
Good Morning + Berlin City East,False,Lichtenberg,,,https://www.hotels.com/ho196135/good-morning-berlin-city-east-berlin-germany/,,,108,$,97,7.4,990.0,hotelscom
Hotel Domicil Berlin By Golden Tulip,False,Berlin,Fully refundable,,https://www.hotels.com/ho172517/hotel-domicil-berlin-by-golden-tulip-berlin-germany/,,,88,$,79,8.2,450.0,hotelscom
Westlife Apart Hotel,False,Berlin,,,https://www.hotels.com/ho213253/michels-apart-hotel-berlin-berlin-germany/,,,360,$,322,8.4,61.0,hotelscom
ibis Berlin City Süd,False,Berlin,Fully refundable,,https://www.hotels.com/ho191921/ibis-berlin-neukolln-berlin-germany/,,,103,$,92,7.8,164.0,hotelscom
H24 Berlin Lichtenberg,False,Lichtenberg,,,https://www.hotels.com/ho686130/h24-berlin-lichtenberg-berlin-germany/,,,177,$,143,9.0,185.0,hotelscom
Erlanger Hof,False,Neukölln,Fully refundable,,https://www.hotels.com/ho590613/erlanger-hof-berlin-germany/,,,109,$,98,8.2,148.0,hotelscom
Mercure Hotel Berlin Tempelhof,False,Berlin,,,https://www.hotels.com/ho175000/mercure-hotel-berlin-tempelhof-berlin-germany/,,,141,$,126,8.2,657.0,hotelscom
Waldorf Astoria Berlin,False,Berlin,,Pool,https://www.hotels.com/ho398995/waldorf-astoria-berlin-berlin-germany/,,,406,$,363,9.2,884.0,hotelscom
IBB Hotel Berlin Airport,False,Berlin,,,https://www.hotels.com/ho537595/ibb-blue-hotel-adlershof-berlin-airport-berlin-germany/,,,87,$,77,8.2,182.0,hotelscom
Nu Wave Hotel,False,Friedrichshain,Fully refundable,,https://www.hotels.com/ho325599/nu-wave-hotel-berlin-germany/,,,113,$,101,8.4,194.0,hotelscom
Best Western Hotel Kantstrasse Berlin,False,Berlin,Fully refundable,,https://www.hotels.com/ho133197/best-western-hotel-kantstrasse-berlin-berlin-germany/,,,129,$,115,8.0,404.0,hotelscom
Motel One Berlin Mitte,False,Kreuzberg,Fully refundable,,https://www.hotels.com/ho233939/motel-one-berlin-mitte-berlin-germany/,,,125,$,112,8.6,158.0,hotelscom
Grünau Hotel,False,Berlin,Fully refundable,,https://www.hotels.com/ho160580/grunau-hotel-berlin-germany/,,,122,$,109,8.2,58.0,hotelscom
Schlosshotel Berlin by Patrick Hellmann,False,Berlin,Fully refundable,Pool,https://www.hotels.com/ho119627/schlosshotel-berlin-by-patrick-hellmann-berlin-germany/,,,373,$,333,9.0,180.0,hotelscom
Art Hotel Charlottenburger Hof,False,Berlin,,,https://www.hotels.com/ho284866/art-hotel-charlottenburger-hof-berlin-germany/,,,121,$,108,7.6,247.0,hotelscom
B&B Hotel Berlin-Potsdamer Platz,False,Tiergarten,Fully refundable,,https://www.hotels.com/ho1900416896/b-b-hotel-berlin-potsdamer-platz-berlin-germany/,,,91,$,81,8.4,51.0,hotelscom
Hotel Delta am Potsdamer Platz,False,Tiergarten,,,https://www.hotels.com/ho116255/hotel-delta-am-potsdamer-platz-berlin-germany/,,,101,$,90,7.2,418.0,hotelscom
CALMA Berlin Mitte,False,Mitte,Fully refundable,,https://www.hotels.com/ho425098/calma-berlin-mitte-berlin-germany/,,,105,$,94,8.4,677.0,hotelscom
Hotel Johann,False,Kreuzberg,Fully refundable,,https://www.hotels.com/ho492591/hotel-johann-berlin-germany/,,,121,$,108,9.0,64.0,hotelscom
"Hotel Indigo Berlin – Ku’damm, an IHG Hotel",False,Berlin,"Reserve now, pay later",,https://www.hotels.com/ho395266/hotel-indigo-berlin-ku-damm-berlin-germany/,,,152,$,126,8.8,635.0,hotelscom
Hampton by Hilton Berlin City East Side Gallery,False,Friedrichshain,Fully refundable,Breakfast included,https://www.hotels.com/ho951170304/hampton-by-hilton-berlin-city-east-side-gallery-berlin-germany/,,,252,$,225,9.0,570.0,hotelscom
AMBER ECONTEL Berlin Charlottenburg,False,Berlin,,,https://www.hotels.com/ho125788/amber-econtel-berlin-charlottenburg-berlin-germany/,,,121,$,108,7.8,995.0,hotelscom
Hotel Castell,False,Berlin,,,https://www.hotels.com/ho266593/hotel-castell-berlin-germany/,,,103,$,92,7.4,236.0,hotelscom
Newberlin,False,Friedrichshain,,,https://www.hotels.com/ho196586/newberlin-berlin-germany/,,,196,$,175,8.6,695.0,hotelscom
Ringhotel Seehof Berlin,False,Berlin,,Pool,https://www.hotels.com/ho123915/ringhotel-seehof-berlin-berlin-germany/,,,135,$,121,8.4,222.0,hotelscom
Precise Tale Berlin,False,Kreuzberg,Fully refundable,,https://www.hotels.com/ho2259940512/precise-tale-berlin-berlin-germany/,,,161,$,144,8.6,22.0,hotelscom
Apple City Hotel,False,Berlin,Fully refundable,,https://www.hotels.com/ho453952/apple-city-hotel-berlin-germany/,,,109,$,97,7.2,509.0,hotelscom
Hotel Alex Berlin,False,Prenzlauer Berg,,,https://www.hotels.com/ho2705431488/hotel-alex-berlin-berlin-germany/,,,141,$,126,8.0,1.0,hotelscom
B&B Hotel Berlin-Charlottenburg,False,Berlin,Fully refundable,,https://www.hotels.com/ho1833110112/b-b-hotel-berlin-charlottenburg-berlin-germany/,,,121,$,108,8.4,64.0,hotelscom
June Six Berlin City West,False,Berlin,Fully refundable,Breakfast included,https://www.hotels.com/ho2502826656/june-six-berlin-city-west-berlin-germany/,,,160,$,127,7.6,18.0,hotelscom
Good Morning Berlin City West,False,Berlin,,,https://www.hotels.com/ho266253/good-morning-berlin-city-west-berlin-germany/,,,86,$,77,7.0,840.0,hotelscom
Telegraphenamt,False,Mitte,Fully refundable,,https://www.hotels.com/ho2922427840/telegraphenamt-berlin-germany/,,,319,$,285,10.0,1.0,hotelscom
Digital check-in - THE DUDE by charly,False,Mitte,Fully refundable,,https://www.hotels.com/ho2384822848/the-dude-by-charly-berlin-germany/,,,166,$,138,8.0,7.0,hotelscom
Sorat Hotel Berlin,False,Schöneberg,,,https://www.hotels.com/ho199660/sorat-hotel-ambassador-berlin-berlin-germany/,,,108,$,97,7.8,983.0,hotelscom
AC Hotel by Marriott Berlin Humboldthain Park,False,Berlin,,,https://www.hotels.com/ho979235648/ac-hotel-by-marriott-berlin-humboldthain-park-berlin-germany/,,,116,$,104,8.6,178.0,hotelscom
Mk Hotel Berlin,False,Berlin,,,https://www.hotels.com/ho417959/mk-hotel-berlin-berlin-germany/,,,99,$,89,7.2,175.0,hotelscom
Hotel Alt Tegel,False,Berlin,Fully refundable,,https://www.hotels.com/ho752328832/hotel-alt-tegel-berlin-germany/,,,123,$,110,8.0,46.0,hotelscom
Hampton by Hilton Berlin City West,False,Berlin,Fully refundable,Breakfast included,https://www.hotels.com/ho360079/hampton-by-hilton-berlin-city-west-berlin-germany/,,,183,$,163,8.8,1007.0,hotelscom
ibis Styles Berlin Treptow,False,Berlin,,,https://www.hotels.com/ho160891/ibis-styles-berlin-treptow-berlin-germany/,,,147,$,129,8.0,389.0,hotelscom
Astrid Hotel am Kurfürstendamm,False,Berlin,,,https://www.hotels.com/ho233821/astrid-hotel-am-kurfurstendamm-berlin-germany/,,,165,$,147,7.4,790.0,hotelscom
Hotel Sachsenhof Berlin,False,Berlin,Fully refundable,,https://www.hotels.com/ho298548/hotel-sachsenhof-berlin-berlin-germany/,,,125,$,112,8.6,235.0,hotelscom
Limehome Berlin Prenzlauer Allee,False,Prenzlauer Berg,,,https://www.hotels.com/ho439326/limehome-berlin-prenzlauer-allee-berlin-germany/,,,181,$,161,9.0,189.0,hotelscom
Living Hotel Weißensee,False,Berlin,,,https://www.hotels.com/ho182835/living-hotel-wei-ensee-berlin-germany/,,,172,$,154,8.8,995.0,hotelscom
Hotel Garni An der Weide,False,Berlin,Fully refundable,,https://www.hotels.com/ho589073/hotel-garni-an-der-weide-berlin-germany/,,,91,$,81,7.8,26.0,hotelscom
Hotel Am Stuttgarter Eck,False,Berlin,,Breakfast included,https://www.hotels.com/ho279046/hotel-am-stuttgarter-eck-berlin-germany/,,,84,$,75,6.2,583.0,hotelscom
Old Town Hotel Berlin,False,Prenzlauer Berg,Fully refundable,,https://www.hotels.com/ho431309/old-town-hotel-berlin-berlin-germany/,,,124,$,110,8.4,435.0,hotelscom
Müggelseeperle,False,Köpenick,,Breakfast included,https://www.hotels.com/ho2935932928/muggelseeperle-eichwalde-germany/,,,125,$,112,,,hotelscom
Hotel Anna 1908 Berlin,False,Berlin,Fully refundable,,https://www.hotels.com/ho284925/hotel-anna-1908-berlin-berlin-germany/,,,106,$,94,8.8,271.0,hotelscom
relexa hotel Stuttgarter Hof Berlin,False,Kreuzberg,Fully refundable,,https://www.hotels.com/ho200677/relexa-hotel-stuttgarter-hof-berlin-berlin-germany/,,,122,$,109,8.4,438.0,hotelscom
SensCity Hotel Berlin Spandau,False,Berlin,,,https://www.hotels.com/ho114238/senscity-hotel-berlin-spandau-berlin-germany/,,,125,$,112,7.4,354.0,hotelscom
Hotel Q,False,Berlin,,,https://www.hotels.com/ho219401/hotel-q-berlin-germany/,,,145,$,130,8.8,531.0,hotelscom
Hotel am Borsigturm,False,Berlin,,,https://www.hotels.com/ho648208992/hotel-am-borsigturm-berlin-germany/,,,110,$,98,9.0,360.0,hotelscom
Enjoy Hotel Berlin City Messe,False,Wilmersdorf,,,https://www.hotels.com/ho119087/enjoy-hotel-berlin-city-messe-berlin-germany/,,,120,$,107,7.6,997.0,hotelscom
Artim Hotel,False,Berlin,Fully refundable,,https://www.hotels.com/ho216345/artim-hotel-berlin-germany/,,,160,$,143,7.8,355.0,hotelscom
Boutique Hotel Kerlin,False,Wilmersdorf,,,https://www.hotels.com/ho284838/boutique-hotel-kerlin-ehemals-alexander-berlin-germany/,,,125,$,112,9.2,32.0,hotelscom
Melarose Feng Shui Hotel,False,Prenzlauer Berg,,,https://www.hotels.com/ho325139/melarose-feng-shui-hotel-berlin-germany/,,,202,$,180,8.2,161.0,hotelscom
Myer's Hotel Berlin,False,Prenzlauer Berg,,Breakfast included,https://www.hotels.com/ho312573/myer-s-hotel-berlin-berlin-germany/,,,292,$,261,9.0,454.0,hotelscom
Rocco Forte Hotel De Rome Berlin,False,Mitte,Fully refundable,,https://www.hotels.com/ho247869/rocco-forte-hotel-de-rome-berlin-berlin-germany/,,,552,$,493,9.2,329.0,hotelscom
Hotel Atlas Berlin,False,Wilmersdorf,Fully refundable,,https://www.hotels.com/ho406843/hotel-atlas-berlin-berlin-germany/,,,172,$,154,7.6,168.0,hotelscom
Garden Boutique Hotel Berlin - Mitte,False,Mitte,,,https://www.hotels.com/ho456828/garden-boutique-hotel-berlin-mitte-berlin-germany/,,,236,$,211,9.2,83.0,hotelscom
Hotel Klassik Berlin,False,Friedrichshain,,,https://www.hotels.com/ho275960/hotel-klassik-berlin-berlin-germany/,,,135,$,121,7.0,276.0,hotelscom
Hotel Benn,False,Berlin,Fully refundable,,https://www.hotels.com/ho278805/hotel-benn-berlin-germany/,,,179,$,160,8.6,187.0,hotelscom
Hotel Pankow,False,Berlin,,,https://www.hotels.com/ho254854/hotel-pankow-berlin-germany/,,,82,$,73,7.2,402.0,hotelscom
Hotel Vita Berlin,False,Berlin,,Breakfast included,https://www.hotels.com/ho685508576/hotel-vita-berlin-berlin-germany/,,,151,$,135,9.2,89.0,hotelscom
BIG MAMA Berlin,False,Berlin,,,https://www.hotels.com/ho455397/hotel-big-mama-berlin-germany/,,,90,$,80,8.4,440.0,hotelscom
Hotel Atlantic Berlin,False,Berlin,Fully refundable,,https://www.hotels.com/ho478524/hotel-atlantic-berlin-berlin-germany/,,,68,$,61,7.6,161.0,hotelscom
Happy Hotel Berlin,False,Schöneberg,,,https://www.hotels.com/ho1715737152/happy-hotel-berlin-berlin-germany/,,,279,$,249,7.0,33.0,hotelscom
City Inn,False,Schöneberg,,,https://www.hotels.com/ho377340/city-inn-berlin-germany/,,,92,$,82,5.4,80.0,hotelscom
Hotel Nikolai Residence,False,Berlin,,,https://www.hotels.com/ho442447/hotel-nikolai-residence-berlin-germany/,,,181,$,162,9.0,273.0,hotelscom
Hotel Grenzfall Berlin,False,Berlin,,,https://www.hotels.com/ho338372/hotel-grenzfall-berlin-berlin-germany/,,,135,$,120,8.8,208.0,hotelscom
Hotel Brandies Berlin,False,Berlin,Fully refundable,,https://www.hotels.com/ho236470/hotel-brandies-berlin-berlin-germany/,,,156,$,139,8.6,268.0,hotelscom
Hotel Chateau Kurfürstendamm,False,Berlin,,,https://www.hotels.com/ho371168/hotel-chateau-kurfurstendamm-berlin-germany/,,,125,$,111,7.8,578.0,hotelscom
Hotel Augusta,False,Berlin,,,https://www.hotels.com/ho189978/hotel-augusta-berlin-germany/,,,130,$,116,8.2,251.0,hotelscom
Hotel AVAlex,False,Prenzlauer Berg,Fully refundable,,https://www.hotels.com/ho334602/hotel-pension-intervarko-berlin-germany/,,,138,$,123,6.0,129.0,hotelscom
sly Berlin,False,Friedrichshain,Fully refundable,,https://www.hotels.com/ho2828018944/sly-berlin-dixcove-ghana/,,,11497,$,10266,,,hotelscom
Hotel Helle Mitte Berlin,False,Berlin,,,https://www.hotels.com/ho940027872/hotel-helle-mitte-berlin-neueiche-germany/,,,82,$,73,6.8,88.0,hotelscom
Hotel Amadeus Central,False,Berlin,Fully refundable,,https://www.hotels.com/ho450587/hotel-amadeus-central-berlin-germany/,,,77,$,69,6.0,76.0,hotelscom
Hotel Spree-idyll,False,Berlin,Fully refundable,,https://www.hotels.com/ho473577/hotel-spree-idyll-berlin-germany/,,,160,$,143,9.0,72.0,hotelscom
Alte Feuerwache,False,Berlin,,,https://www.hotels.com/ho1659530080/alte-feuerwache-berlin-germany/,,,133,$,79,,,hotelscom
Central-Hotel Tegel,False,Berlin,Fully refundable,Breakfast included,https://www.hotels.com/ho474025/central-hotel-tegel-berlin-germany/,,,108,$,96,6.8,379.0,hotelscom
Central Inn am Hauptbahnhof,False,Berlin,Fully refundable,,https://www.hotels.com/ho336126/central-inn-am-hauptbahnhof-berlin-germany/,,,126,$,113,6.2,444.0,hotelscom
Atrium Berlin,False,Wilmersdorf,,,https://www.hotels.com/ho334148/atrium-berlin-berlin-germany/,,,103,$,92,7.0,318.0,hotelscom
Hotel Petit am Wannsee,False,Berlin,Fully refundable,,https://www.hotels.com/ho2677630880/hotel-petit-am-wannsee-kleinmachnow-germany/,,,144,$,128,6.0,1.0,hotelscom
Hotel Kubrat an der Spree,False,Berlin,,,https://www.hotels.com/ho481089/hotel-kubrat-an-der-spree-berlin-germany/,,,129,$,115,7.4,32.0,hotelscom
Hotel Christophorus,False,Berlin,Fully refundable,,https://www.hotels.com/ho616521/hotel-christophorus-niederneuendorf-germany/,,,159,$,142,6.8,11.0,hotelscom
Familienhotel Citylight Berlin,False,Berlin,Fully refundable,,https://www.hotels.com/ho238187/familienhotel-citylight-berlin-berlin-germany/,,,156,$,140,8.4,991.0,hotelscom
Aparthotel Vega,False,Berlin,,,https://www.hotels.com/ho298119/aparthotel-vega-berlin-germany/,,,99,$,88,7.6,119.0,hotelscom
Hotel Seifert,False,Wilmersdorf,,,https://www.hotels.com/ho284885/hotel-seifert-berlin-germany/,,,133,$,119,8.0,180.0,hotelscom
St.-Michaels-Heim Hotel,False,Berlin,Fully refundable,,https://www.hotels.com/ho594836/st-michaels-heim-hotel-berlin-germany/,,,143,$,128,8.6,23.0,hotelscom
Hotel Bellevue am Kurfürstendamm,False,Wilmersdorf,Fully refundable,,https://www.hotels.com/ho228083/hotel-bellevue-am-kurfurstendamm-berlin-germany/,,,82,$,73,6.4,494.0,hotelscom
Dietrich-Bonhoeffer-Hotel,False,Mitte,,,https://www.hotels.com/ho284758/dietrich-bonhoeffer-hotel-berlin-germany/,,,206,$,184,8.8,125.0,hotelscom
Hotel Art Nouveau,False,Berlin,,,https://www.hotels.com/ho340231/hotel-art-nouveau-berlin-germany/,,,147,$,131,7.8,87.0,hotelscom
Mikon Eastgate Hotel,False,Mitte,Fully refundable,,https://www.hotels.com/ho303749/mikon-eastgate-hotel-berlin-germany/,,,86,$,77,7.2,226.0,hotelscom
Hotel Les Nations,False,Berlin,,,https://www.hotels.com/ho391532/hotel-les-nations-berlin-germany/,,,146,$,131,8.2,274.0,hotelscom
Hotel Transit Loft Berlin,False,Prenzlauer Berg,,Breakfast included,https://www.hotels.com/ho213062/hotel-transit-loft-berlin-berlin-germany/,,,121,$,108,7.8,187.0,hotelscom
Hotel Herbst Berlin,False,Berlin,,,https://www.hotels.com/ho59984704/hotel-herbst-berlin-berlin-germany/,,,152,$,136,6.6,4.0,hotelscom
Nena Apartments Herrmannplatz,False,Entire apartment,,,https://www.hotels.com/ho1730285344/nena-apartments-herrmannplatz-berlin-germany/,,,117,$,104,9.0,16.0,hotelscom
AMANO HOME Apartments,False,Mitte,Fully refundable,Kitchen,https://www.hotels.com/ho595114/amano-home-apartments-berlin-germany/,,,131,$,117,9.2,313.0,hotelscom
Nena Apartments Kreuzberg 61,False,Kreuzberg,,Kitchen,https://www.hotels.com/ho1715571840/nena-apartments-kreuzberg-61-berlin-germany/,,,116,$,103,8.6,28.0,hotelscom
numa I Drift Rooms & Apartments,False,Berlin,,,https://www.hotels.com/ho1039945888/numa-drift-rooms-apartments-berlin-germany/,,,148,$,132,8.2,61.0,hotelscom
Nena Apartments Moritzplatz,False,Entire apartment,,,https://www.hotels.com/ho2159049600/nena-apartments-moritzplatz-berlin-germany/,,,102,$,91,8.6,19.0,hotelscom
numa I Nook Rooms & Apartments,False,Mitte,,,https://www.hotels.com/ho545854/numa-nook-rooms-apartments-berlin-germany/,,,162,$,145,9.0,647.0,hotelscom
Citadines Kurfürstendamm Berlin,False,Wilmersdorf,,Kitchen,https://www.hotels.com/ho206572/citadines-kurfurstendamm-berlin-berlin-germany/,,,166,$,148,8.6,1116.0,hotelscom
The Faces Berlin,False,Berlin,,Kitchen,https://www.hotels.com/ho2449334688/the-faces-berlin-berlin-germany/,,,156,$,140,7.6,9.0,hotelscom
AMC Hotel - Schöneberg,False,Schöneberg,Fully refundable,,https://www.hotels.com/ho490638/amc-hotel-schoneberg-berlin-germany/,,,136,$,122,8.2,9.0,hotelscom
HighPark by Palmira,False,Tiergarten,Fully refundable,Kitchen,https://www.hotels.com/ho924772416/highpark-by-palmira-berlin-germany/,,,202,$,181,9.2,59.0,hotelscom
Gästehaus Lazarus,False,Berlin,,,https://www.hotels.com/ho1116569664/gastehaus-lazarus-berlin-germany/,,,145,$,130,7.4,12.0,hotelscom
Gästehaus Lazarus,False,Berlin,,,https://www.hotels.com/ho1116569664/gastehaus-lazarus-berlin-germany/,,,145,$,130,7.4,12.0,hotelscom
numa | Sketch Rooms & Apartments,False,Friedrichshain,,,https://www.hotels.com/ho1966405760/numa-sketch-rooms-apartments-berlin-germany/,,,160,$,143,8.4,26.0,hotelscom
The Rix Studios & Suites,False,Neukölln,,,https://www.hotels.com/ho2918374688/the-rix-studios-suites-berlin-germany/,,,114,$,102,8.0,1.0,hotelscom
Nena Apartments Metropolpark Berlin -Mitte,False,Entire apartment,,,https://www.hotels.com/ho1145781376/nena-apartments-metropolpark-berlin-mitte-berlin-germany/,,,175,$,156,8.4,107.0,hotelscom
The Mandala Suites Berlin,False,Mitte,Fully refundable,Kitchen,https://www.hotels.com/ho130537/the-mandala-suites-berlin-berlin-germany/,,,219,$,196,9.2,830.0,hotelscom
limehome Berlin Müllerstraße,False,Wedding,,Kitchen,https://www.hotels.com/ho2444482336/limehome-berlin-mullerstra-e-berlin-germany/,,,144,$,122,9.2,18.0,hotelscom
Hotel Residenz Begaswinkel,False,Tiergarten,,,https://www.hotels.com/ho459652/hotel-residenz-begaswinkel-berlin-germany/,,,171,$,153,8.0,68.0,hotelscom
ArtHotel Connection,False,Berlin,,,https://www.hotels.com/ho443177/arthotel-connection-berlin-germany/,,,199,$,177,9.0,138.0,hotelscom
Nena Apartments Bergmannkiez,False,Entire apartment,,,https://www.hotels.com/ho1013146784/nena-apartments-bergmannkiez-berlin-germany/,,,112,$,100,8.2,15.0,hotelscom
Lux 11 Berlin Mitte,False,Berlin,,Kitchen,https://www.hotels.com/ho109411/lux-11-berlin-mitte-berlin-germany/,,,190,$,170,8.6,787.0,hotelscom
Mondrian Suites Berlin Checkpoint Charlie,False,Kreuzberg,,Kitchen,https://www.hotels.com/ho429185/mondrian-suites-berlin-checkpoint-charlie-berlin-germany/,,,122,$,109,8.6,1554.0,hotelscom
Pension LEVI,False,Berlin,,,https://www.hotels.com/ho1108774720/pension-levi-berlin-germany/,,,93,$,83,7.4,3.0,hotelscom
Pension Odin,False,Berlin,Fully refundable,,https://www.hotels.com/ho459272/pension-odin-berlin-germany/,,,123,$,110,7.2,40.0,hotelscom
Parkhotel Marzahn,False,Berlin,,,https://www.hotels.com/ho433228/parkhotel-marzahn-berlin-germany/,,,148,$,133,8.8,54.0,hotelscom
Bornholmer Hof,False,Prenzlauer Berg,,,https://www.hotels.com/ho391317/bornholmer-hof-berlin-germany/,,,150,$,134,7.4,51.0,hotelscom
City Hotel Gotland,False,Kreuzberg,,Breakfast included,https://www.hotels.com/ho303590/city-hotel-gotland-berlin-germany/,,,146,$,130,6.2,117.0,hotelscom
Hotel Pension Arche,False,Berlin,,,https://www.hotels.com/ho299819/hotel-pension-arche-berlin-germany/,,,102,$,91,7.0,159.0,hotelscom
Kallmeyer,False,Berlin,Fully refundable,Breakfast included,https://www.hotels.com/ho319500/kallmeyer-berlin-germany/,,,109,$,98,6.8,78.0,hotelscom
Hotel-Pension Funk,False,Berlin,Fully refundable,,https://www.hotels.com/ho458549/hotel-pension-funk-berlin-germany/,,,137,$,122,8.2,56.0,hotelscom
Pension Freiraum Guesthouse Berlin,False,Prenzlauer Berg,Fully refundable,,https://www.hotels.com/ho590720/pension-guesthouse-berlin-berlin-germany/,,,138,$,123,7.6,4.0,hotelscom
Hotel Novalis,False,Mitte,Fully refundable,,https://www.hotels.com/ho294209/hotel-novalis-berlin-germany/,,,90,$,80,7.4,104.0,hotelscom
Goodman's Living,False,Berlin,,Kitchen,https://www.hotels.com/ho481518/goodman-s-living-berlin-germany/,,,111,$,99,9.0,960.0,hotelscom
The Circus Apartments,False,Mitte,,Kitchen,https://www.hotels.com/ho435384/the-circus-apartments-berlin-germany/,,,323,$,288,9.8,49.0,hotelscom
numa I Belfort Rooms & Apartments,False,Prenzlauer Berg,,,https://www.hotels.com/ho1368262784/numa-belfort-rooms-apartments-berlin-germany/,,,253,$,226,8.8,24.0,hotelscom
Wilde Aparthotels by Staycity Berlin Checkpoint Charlie,False,Mitte,,Kitchen,https://www.hotels.com/ho1269092192/wilde-aparthotels-by-staycity-berlin-checkpoint-charlie-berlin-germany/,,,250,$,224,9.6,152.0,hotelscom
numa I Kater Apartments,False,Friedrichshain,,Kitchen,https://www.hotels.com/ho1437815424/numa-kater-apartments-berlin-germany/,,,217,$,194,8.6,25.0,hotelscom
Adapt Apartments Berlin,False,Adlershof,,Kitchen,https://www.hotels.com/ho512481/adapt-apartments-berlin-berlin-germany/,,,144,$,129,9.0,221.0,hotelscom
Hotel Friedenau Das Literaturhotel,False,Berlin,Fully refundable,Breakfast included,https://www.hotels.com/ho499328/hotel-friedenau-das-literaturhotel-berlin-germany/,,,195,$,175,8.8,24.0,hotelscom
Wil7 Boutique Hotel,False,Kreuzberg,,,https://www.hotels.com/ho1543680320/vilhelm7-berlin-residences-berlin-germany/,,,194,$,165,10.0,6.0,hotelscom
Gasteiner Hof,False,Wilmersdorf,,,https://www.hotels.com/ho284884/gasteiner-hof-berlin-germany/,,,76,$,68,7.8,41.0,hotelscom
Schoenhouse Berlin City Street,False,Entire apartment,Fully refundable,,https://www.hotels.com/ho2508260512/schoenhouse-berlin-city-street-berlin-germany/,,,220,$,191,,,hotelscom
Hotel Pension Victoria,False,Berlin,,,https://www.hotels.com/ho358873/hotel-pension-victoria-berlin-germany/,,,86,$,77,7.2,72.0,hotelscom
limehome Berlin Neue Straße,False,Entire apartment,Fully refundable,,https://www.hotels.com/ho623603456/limehome-berliner-neue-stra-e-berlin-germany/,,,162,$,138,8.0,9.0,hotelscom
TOWNHOUSE Berlin,False,Berlin,,Kitchen,https://www.hotels.com/ho222945/townhouse-berlin-berlin-germany/,,,119,$,106,8.8,514.0,hotelscom
Pension Parlamento,False,Prenzlauer Berg,Fully refundable,,https://www.hotels.com/ho1113342496/pension-parlamento-berlin-germany/,,,147,$,131,9.2,29.0,hotelscom
Pension Absolut Berlin,False,Prenzlauer Berg,Fully refundable,,https://www.hotels.com/ho317140/pension-absolut-berlin-berlin-germany/,,,168,$,150,8.8,76.0,hotelscom
Limehome Berlin Florastraße,False,Entire apartment,Fully refundable,,https://www.hotels.com/ho974818112/limehome-berlin-florastra-e-berlin-germany/,,,205,$,176,8.4,9.0,hotelscom
Apartment Berlin Lottumstraße,False,Entire apartment,Fully refundable,,https://www.hotels.com/ho580091/apartment-berlin-lottumstra-e-berlin-germany/,,,202,$,173,8.8,5.0,hotelscom
Die Botschaft,False,Berlin,,,https://www.hotels.com/ho655526176/die-botschaft-berlin-germany/,,,155,$,139,7.6,22.0,hotelscom
Limehome Berlin Leberstraße 6,False,Entire apartment,Fully refundable,,https://www.hotels.com/ho623605088/limehome-berlin-leberstra-e-6-berlin-germany/,,,184,$,159,8.0,9.0,hotelscom
Schoenhouse Avenue by Limehome,False,Entire apartment,Fully refundable,,https://www.hotels.com/ho368968/schoenhouse-by-limehome-berlin-germany/,,,220,$,190,8.8,263.0,hotelscom
Pension ABC,False,Tiergarten,,Breakfast included,https://www.hotels.com/ho345859/pension-abc-berlin-germany/,,,98,$,88,6.2,110.0,hotelscom
Pension 1A Apartment,False,Berlin,Fully refundable,,https://www.hotels.com/ho289405/pension-1a-apartment-berlin-germany/,,,152,$,136,7.8,119.0,hotelscom
Aparion Berlin,False,Lichterfelde,,Kitchen,https://www.hotels.com/ho645055360/aparion-berlin-berlin-germany/,,,184,$,164,8.6,83.0,hotelscom
Apartments Rosenthal Residence,False,Mitte,,Kitchen,https://www.hotels.com/ho484504/apartments-rosenthal-residence-berlin-germany/,,,273,$,243,8.8,291.0,hotelscom
Hotel Pension Bernstein,False,Berlin,Fully refundable,Breakfast included,https://www.hotels.com/ho333867/hotel-pension-bernstein-berlin-germany/,,,132,$,117,7.2,267.0,hotelscom
Hotel Pension Rheingold,False,Wilmersdorf,,,https://www.hotels.com/ho262073/hotel-pension-rheingold-berlin-germany/,,,79,$,71,6.8,240.0,hotelscom
Limehome Berlin Kopenhagener Straße,False,Entire apartment,Fully refundable,,https://www.hotels.com/ho579031/limehome-berlin-kopenhagener-stra-e-berlin-germany/,,,297,$,214,8.8,39.0,hotelscom
Generator Berlin Alexanderplatz,False,Mitte,Fully refundable,,https://www.hotels.com/ho407760/one80-hostel-berlin-berlin-germany/,,,118,$,105,7.8,994.0,hotelscom
Apartments Berlin Bornimerstraße,False,Entire apartment,Fully refundable,,https://www.hotels.com/ho749528160/apartments-berlin-bornimerstra-e-berlin-germany/,,,132,$,112,7.2,9.0,hotelscom
SANA Berlin Residence,False,Wilmersdorf,,Pool,https://www.hotels.com/ho1423979072/sana-berlin-residence-berlin-germany/,,,252,$,225,9.2,27.0,hotelscom
FLOWER´s by Limehome,False,Entire apartment,,,https://www.hotels.com/ho284793/flower-s-by-limehome-berlin-germany/,,,225,$,201,9.2,139.0,hotelscom
BENSIMON apartments Mitte / Moabit,False,Entire apartment,Fully refundable,,https://www.hotels.com/ho710104288/bensimon-apartments-berlin-germany/,,,385,$,287,9.8,15.0,hotelscom
St Christopher's Berlin Alexanderplatz,False,Berlin,,,https://www.hotels.com/ho438361/st-christopher-s-berlin-alexanderplatz-berlin-germany/,,,123,$,110,8.2,152.0,hotelscom
Eckstein,False,Berlin,Fully refundable,Breakfast included,https://www.hotels.com/ho284929/eckstein-berlin-germany/,,,148,$,132,6.2,62.0,hotelscom
Limehome Berlin Chausseestrasse,False,Entire apartment,,,https://www.hotels.com/ho476116480/limehome-berlin-chausseestrasse-berlin-germany/,,,170,$,152,9.0,131.0,hotelscom
Three Little Pigs Hostel Berlin,False,Kreuzberg,,,https://www.hotels.com/ho398527/three-little-pigs-hostel-berlin-berlin-germany/,,,88,$,79,8.2,219.0,hotelscom
St Christopher's Berlin Mitte,False,Mitte,,,https://www.hotels.com/ho1227427200/st-christopher-s-berlin-mitte-berlin-germany/,,,124,$,111,8.0,45.0,hotelscom
Nena Hostel Berlin,False,Berlin,,,https://www.hotels.com/ho2655678816/nena-hostel-berlin-mitte-berlin-germany/,,,96,$,80,7.4,12.0,hotelscom
Apartments Berlin Aroser Allee,False,Entire apartment,Fully refundable,,https://www.hotels.com/ho974823552/apartments-berlin-aroser-allee-berlin-germany/,,,179,$,153,8.2,9.0,hotelscom
The Circus Hostel,False,Mitte,,,https://www.hotels.com/ho477632/the-circus-hostel-berlin-germany/,,,109,$,97,9.0,320.0,hotelscom
HappyGoLucky Hotel & Hostel,False,Berlin,,,https://www.hotels.com/ho213112/happygolucky-hotel-hostel-berlin-germany/,,,86,$,77,7.4,235.0,hotelscom
NEOHOSTEL Berlin,False,Köpenick,,,https://www.hotels.com/ho1703553792/neohostel-berlin-berlin-germany/,,,64,$,57,6.0,26.0,hotelscom
enjoy hostel Berlin City West,False,Wilmersdorf,,,https://www.hotels.com/ho652658/enjoy-hostel-berlin-city-west-berlin-germany/,,,93,$,83,8.2,108.0,hotelscom
Sunflower Hostel Berlin,False,Friedrichshain,,,https://www.hotels.com/ho473812/sunflower-hostel-berlin-berlin-germany/,,,82,$,73,7.8,172.0,hotelscom
CLUB Lodges Berlin Mitte - Hostel,False,Mitte,,,https://www.hotels.com/ho558976/club-lodges-berlin-mitte-hostel-berlin-germany/,,,108,$,97,7.8,223.0,hotelscom
Kiez Hostel Berlin,False,Friedrichshain,Fully refundable,,https://www.hotels.com/ho511529/kiez-hostel-berlin-berlin-germany/,,,142,$,126,8.0,24.0,hotelscom
Pfefferbett Hostel Berlin,False,Prenzlauer Berg,,,https://www.hotels.com/ho493065/pfefferbett-hostel-berlin-berlin-germany/,,,97,$,87,9.0,78.0,hotelscom
Ballhaus Berlin Hostel,False,Mitte,,,https://www.hotels.com/ho669857/ballhaus-berlin-hostel-berlin-germany/,,,91,$,81,7.8,81.0,hotelscom
Generator Berlin Mitte,False,Mitte,,,https://www.hotels.com/ho422164/generator-berlin-mitte-berlin-germany/,,,93,$,83,8.2,819.0,hotelscom
Generator Berlin Prenzlauer Berg,False,Prenzlauer Berg,,,https://www.hotels.com/ho211436/generator-berlin-prenzlauer-berg-berlin-germany/,,,78,$,70,6.8,980.0,hotelscom
Industriepalast Hostel Berlin,False,Friedrichshain,,,https://www.hotels.com/ho366571/industriepalast-hostel-berlin-berlin-germany/,,,92,$,82,8.2,310.0,hotelscom
martas Gästehäuser Hauptbahnhof Berlin,False,Berlin,Fully refundable,,https://www.hotels.com/ho476574/jugendgastehaus-hauptbahnhof-berlin-germany/,,,83,$,74,8.2,252.0,hotelscom
Holi Hostel Hotel,False,Berlin,,,https://www.hotels.com/ho392780/holi-hostel-hotel-berlin-germany/,,,89,$,79,8.6,127.0,hotelscom
Singer109 Hostel,False,Mitte,,,https://www.hotels.com/ho126223552/singer109-hostel-berlin-germany/,,,115,$,99,8.6,48.0,hotelscom
Amstel House Hostel Berlin,False,Berlin,,,https://www.hotels.com/ho278295/amstel-house-hostel-berlin-berlin-germany/,,,118,$,105,7.8,360.0,hotelscom
Heart of Gold Hostel Berlin,False,Mitte,,,https://www.hotels.com/ho387452/heart-of-gold-hostel-berlin-berlin-germany/,,,43,$,19,8.2,194.0,hotelscom
Hostel 199,False,Prenzlauer Berg,Fully refundable,,https://www.hotels.com/ho680078432/hostel-199-berlin-germany/,,,149,$,133,,,hotelscom
Metropol Hostel Berlin,False,Kreuzberg,,Breakfast included,https://www.hotels.com/ho360098/metropol-hostel-berlin-berlin-germany/,,,66,$,29,6.4,165.0,hotelscom
BNB Hostel,False,Wilmersdorf,Fully refundable,,https://www.hotels.com/ho686046/bnb-hostel-berlin-germany/,,,90,$,71,3.6,10.0,hotelscom
Adina Apartment Hotel Berlin Hackescher Markt,False,Mitte,,Hot tub,https://www.hotels.com/ho357090/adina-apartment-hotel-berlin-hackescher-markt-berlin-germany/,,,173,$,154,9.2,1004.0,hotelscom
a&o Berlin Hauptbahnhof,False,Berlin,,,https://www.hotels.com/ho348947/a-o-berlin-hauptbahnhof-berlin-germany/,,,73,$,65,7.8,280.0,hotelscom
Seminaris CampusHotel Berlin,False,Berlin,Fully refundable,Breakfast included,https://www.hotels.com/ho309052/seminaris-campushotel-berlin-berlin-germany/,,,126,$,112,8.6,719.0,hotelscom
ARCOTEL Velvet Berlin,False,Mitte,,,https://www.hotels.com/ho216046/arcotel-velvet-berlin-berlin-germany/,,,118,$,110,8.4,987.0,hotelscom
a&o Berlin Friedrichshain,False,Friedrichshain,,,https://www.hotels.com/ho223419/a-o-berlin-friedrichshain-berlin-germany/,,,69,$,62,7.4,516.0,hotelscom
Airporthotel Berlin Adlershof,False,Adlershof,Fully refundable,,https://www.hotels.com/ho232983/airporthotel-berlin-adlershof-berlin-germany/,,,101,$,86,7.8,308.0,hotelscom
Adina Apartment Hotel Berlin Mitte,False,Mitte,,Pool,https://www.hotels.com/ho310294/adina-apartment-hotel-berlin-mitte-berlin-germany/,,,159,$,142,9.2,994.0,hotelscom
a&o Berlin Kolumbus,False,Berlin,,,https://www.hotels.com/ho197485/a-o-berlin-kolumbus-berlin-germany/,,,65,$,58,7.0,720.0,hotelscom
a&o Berlin Mitte,False,Mitte,,,https://www.hotels.com/ho224497/a-o-berlin-mitte-berlin-germany/,,,60,$,53,6.8,407.0,hotelscom
Come Inn Berlin Kurfürstendamm,False,Berlin,,,https://www.hotels.com/ho128167/come-inn-berlin-kurfurstendamm-berlin-germany/,,,106,$,95,8.0,992.0,hotelscom
Adina Apartment Hotel Berlin CheckPoint Charlie,False,Mitte,,Pool,https://www.hotels.com/ho260924/adina-apartment-hotel-berlin-checkpoint-charlie-berlin-germany/,,,148,$,132,9.2,987.0,hotelscom
Alper Hotel am Potsdamer Platz,False,Tiergarten,Fully refundable,,https://www.hotels.com/ho398831/alper-hotel-am-potsdamer-platz-berlin-germany/,,,109,$,97,5.2,185.0,hotelscom
arabel Design Apartments Berlin,False,Tiergarten,,Kitchen,https://www.hotels.com/ho474653/arabel-design-apartments-berlin-berlin-germany/,,,166,$,148,8.8,340.0,hotelscom
Mondrian Suites Hotel,False,Kreuzberg,,,https://www.hotels.com/ho768249088/mondrian-suites-hotel-berlin-germany/,,,158,$,135,6.0,2.0,hotelscom
Landhotel Diana,False,"Teltow, 8.61 mi from Berlin",Fully refundable,,https://www.hotels.com/ho629073/landhotel-diana-teltow-germany/,,,109,$,102,7.8,33.0,hotelscom
H24 Hoteltow,False,"Teltow, 8.64 mi from Berlin",,,https://www.hotels.com/ho678904/h24-hoteltow-teltow-germany/,,,88,$,82,7.8,197.0,hotelscom
GINN Hotel Berlin - Potsdam,False,"Teltow, 9 mi from Berlin",Fully refundable,,https://www.hotels.com/ho138050/ginn-hotel-berlin-potsdam-teltow-germany/,,,118,$,110,9.2,85.0,hotelscom
Hotel 4 Hufen,False,"Schoenefeld, 9.07 mi from Berlin",Fully refundable,Breakfast included,https://www.hotels.com/ho219222720/hotel-4-hufen-schoenefeld-germany/,,,108,$,101,8.4,38.0,hotelscom
Havellandhalle Resort,False,"Dallgow-Doeberitz, 9.36 mi from Berlin",Fully refundable,Pool,https://www.hotels.com/ho424830/havellandhalle-resort-dallgow-doeberitz-germany/,,,131,$,122,8.6,78.0,hotelscom
Motel Daria,False,"Hennigsdorf, 10.13 mi from Berlin",Fully refundable,,https://www.hotels.com/ho2232335232/motel-daria-hennigsdorf-germany/,,,107,$,100,8.0,4.0,hotelscom
B&B Hotel Berlin-Dreilinden,False,"Kleinmachnow, 10.19 mi from Berlin",,,https://www.hotels.com/ho1937522240/b-b-hotel-berlin-dreilinden-kleinmachnow-germany/,,,76,$,71,8.8,28.0,hotelscom
ibis Berlin Dreilinden,False,"Kleinmachnow, 10.23 mi from Berlin",,,https://www.hotels.com/ho193393/ibis-berlin-dreilinden-kleinmachnow-germany/,,,78,$,73,8.0,156.0,hotelscom
Motel Plus Schönefeld,False,Entire apartment,Fully refundable,,https://www.hotels.com/ho758362912/motel-plus-schonefeld-schoenefeld-germany/,,,101,$,95,8.6,59.0,hotelscom
Hotel & Restaurant Diana,False,"Schönwalde-Glien, 10.6 mi from Berlin",Fully refundable,Breakfast included,https://www.hotels.com/ho884011648/hotel-restaurant-diana-schonwalde-glien-germany/,,,153,$,143,6.4,12.0,hotelscom
Wyndham Garden Hennigsdorf Berlin,False,"Hennigsdorf, 10.62 mi from Berlin","Reserve now, pay later",,https://www.hotels.com/ho178973/wyndham-garden-hennigsdorf-berlin-hennigsdorf-germany/,,,107,$,98,7.2,459.0,hotelscom
Campanile Berlin Brandenburg Airport,False,"Schoenefeld, 10.63 mi from Berlin",Fully refundable,Pool,https://www.hotels.com/ho756609792/campanile-berlin-brandenburg-airport-schoenefeld-germany/,,,78,$,73,8.2,217.0,hotelscom
"Holiday Inn Berlin Airport - Conference Centre, an IHG Hotel",False,"Schoenefeld, 10.66 mi from Berlin","Reserve now, pay later",,https://www.hotels.com/ho169970/holiday-inn-berlin-airport-conference-centre-schoenefeld-germany/,,,115,$,97,8.4,749.0,hotelscom
Best Western Premier Airporthotel Fontane BERlin,False,"Blankenfelde-Mahlow, 10.97 mi from Berlin",Fully refundable,,https://www.hotels.com/ho199902/best-western-premier-airporthotel-fontane-berlin-blankenfelde-mahlow-germany/,,,115,$,107,8.4,646.0,hotelscom
IntercityHotel Berlin - Brandenburg Airport,False,"Schoenefeld, 11.01 mi from Berlin",,,https://www.hotels.com/ho326753/intercityhotel-berlin-brandenburg-airport-schoenefeld-germany/,,,83,$,78,8.6,1006.0,hotelscom
Pension Schwalbenweg,False,"Schoenefeld, 11.14 mi from Berlin",Fully refundable,,https://www.hotels.com/ho499936/pension-schwalbenweg-schoenefeld-germany/,,,73,$,68,7.0,61.0,hotelscom
Hotel Amadeus ROYAL Berlin,False,"Hoppegarten, 12.01 mi from Berlin",,,https://www.hotels.com/ho484254/hotel-amadeus-royal-berlin-hoppegarten-germany/,,,88,$,82,6.6,183.0,hotelscom
Parkhotel Viktoria,False,"Velten, 12.05 mi from Berlin",,,https://www.hotels.com/ho982727168/parkhotel-viktoria-velten-germany/,,,102,$,95,7.2,54.0,hotelscom
Schloss Diedersdorf,False,"Grossbeeren, 12.09 mi from Berlin",Fully refundable,,https://www.hotels.com/ho766904480/schloss-diedersdorf-grossbeeren-germany/,,,146,$,137,8.4,39.0,hotelscom
Steigenberger Airport Hotel Berlin,False,"Schoenefeld, 12.39 mi from Berlin",,,https://www.hotels.com/ho1832440768/steigenberger-airport-hotel-berlin-schoenefeld-germany/,,,137,$,128,9.0,894.0,hotelscom
IntercityHotel Berlin Airport BER,False,"Schoenefeld, 12.41 mi from Berlin",,,https://www.hotels.com/ho2758416768/intercityhotel-berlin-airport-ber-berlin-germany/,,,104,$,97,9.2,66.0,hotelscom
Seminaris Avendi Hotel Potsdam,False,"Potsdam, 12.46 mi from Berlin",Fully refundable,,https://www.hotels.com/ho336459/seminaris-avendi-hotel-potsdam-potsdam-germany/,,,120,$,108,8.2,289.0,hotelscom
ipartment Berlin Airport,False,"Schoenefeld, 12.47 mi from Berlin",,Kitchen,https://www.hotels.com/ho2679500256/ipartment-berlin-airport-berlin-germany/,,,99,$,92,8.0,1.0,hotelscom
Moxy Berlin Airport,False,"Schoenefeld, 12.55 mi from Berlin",,,https://www.hotels.com/ho2811595936/moxy-berlin-airport-schoenefeld-germany/,,,83,$,78,9.0,82.0,hotelscom
B&B Hotel Berlin-Airport,False,"Schoenefeld, 12.56 mi from Berlin",Fully refundable,,https://www.hotels.com/ho1937663488/b-b-hotel-berlin-airport-schoenefeld-germany/,,,87,$,81,7.6,42.0,hotelscom
Pension am Filmpark,False,"Potsdam, 13.11 mi from Berlin",Fully refundable,,https://www.hotels.com/ho769962944/pension-am-filmpark-potsdam-germany/,,,107,$,95,8.6,22.0,hotelscom
Hotel Ascot-Bristol,False,"Potsdam, 13.32 mi from Berlin",Fully refundable,,https://www.hotels.com/ho233184/hotel-ascot-bristol-potsdam-germany/,,,78,$,70,8.4,683.0,hotelscom
Filmhotel Lili Marleen,False,"Potsdam, 13.66 mi from Berlin",,,https://www.hotels.com/ho336097/filmhotel-lili-marleen-potsdam-germany/,,,115,$,103,8.0,87.0,hotelscom
Apartment am Heiligen See,False,Entire apartment,Fully refundable,,https://www.hotels.com/ho1004274944/apartment-am-heiligen-see-potsdam-germany/,,,183,$,163,10.0,2.0,hotelscom
Plaza Inn Ludwigsfelde Berlin Süd,False,"Ludwigsfelde, 14.27 mi from Berlin",,,https://www.hotels.com/ho186093/plaza-inn-ludwigsfelde-berlin-sud-ludwigsfelde-germany/,,,111,$,103,7.6,183.0,hotelscom
Apartmentpension am Stadtschloss,False,Entire apartment,Fully refundable,,https://www.hotels.com/ho1410043744/apartmentpension-am-stadtschloss-potsdam-germany/,,,90,$,80,8.4,10.0,hotelscom
ibis budget Berlin Genshagen,False,"Ludwigsfelde, 14.32 mi from Berlin",Fully refundable,,https://www.hotels.com/ho571721/ibis-budget-berlin-genshagen-ludwigsfelde-germany/,,,64,$,60,7.4,95.0,hotelscom
Design Apartments Potsdam,False,Entire apartment,Fully refundable,,https://www.hotels.com/ho1004252448/design-apartments-potsdam-potsdam-germany/,,,115,$,102,8.8,56.0,hotelscom
Hotel Barnimer Hof,False,"Wandlitz, 14.34 mi from Berlin",Fully refundable,,https://www.hotels.com/ho1286429856/hotel-barnimer-hof-wandlitz-germany/,,,115,$,108,8.6,20.0,hotelscom
Comfort Hotel Bernau,False,"Bernau bei Berlin, 14.38 mi from Berlin",Fully refundable,,https://www.hotels.com/ho512055/comfort-hotel-bernau-bernau-bei-berlin-germany/,,,103,$,97,8.2,53.0,hotelscom
Dorint Sanssouci Berlin/Potsdam,False,"Potsdam, 14.39 mi from Berlin",Fully refundable,Pool,https://www.hotels.com/ho135244/dorint-sanssouci-berlin-potsdam-potsdam-germany/,,,124,$,111,8.4,938.0,hotelscom
B&B Hotel Potsdam,False,"Potsdam, 14.49 mi from Berlin",,,https://www.hotels.com/ho1932603040/b-b-hotel-potsdam-potsdam-germany/,,,75,$,67,8.2,47.0,hotelscom
NH Potsdam,False,"Potsdam, 14.51 mi from Berlin",,,https://www.hotels.com/ho127284/nh-potsdam-potsdam-germany/,,,104,$,93,8.2,637.0,hotelscom
"Holiday Inn Express and Suites Potsdam, an IHG Hotel",False,"Potsdam, 14.53 mi from Berlin",,Breakfast included,https://www.hotels.com/ho2229228064/holiday-inn-express-and-suites-potsdam-an-ihg-hotel-potsdam-germany/,,,87,$,78,7.8,66.0,hotelscom
Altstadt Pension Potsdam,False,Entire apartment,,,https://www.hotels.com/ho1410037120/altstadt-pension-potsdam-potsdam-germany/,,,98,$,87,7.2,9.0,hotelscom
Van der Valk Hotel Berlin Brandenburg,False,"Blankenfelde-Mahlow, 14.66 mi from Berlin",,Pool,https://www.hotels.com/ho215449/van-der-valk-hotel-berlin-brandenburg-blankenfelde-mahlow-germany/,,,127,$,119,8.6,304.0,hotelscom
Hotel am Jägertor Potsdam,False,"Potsdam, 14.69 mi from Berlin",Fully refundable,,https://www.hotels.com/ho17847168/hotel-am-jagertor-potsdam-potsdam-germany/,,,170,$,152,8.8,165.0,hotelscom
Altstadt Hotel,False,"Potsdam, 14.69 mi from Berlin",,,https://www.hotels.com/ho547201/altstadt-hotel-potsdam-germany/,,,148,$,132,8.0,52.0,hotelscom
Apartments am Weinberg,False,Entire apartment,Fully refundable,,https://www.hotels.com/ho1472745824/apartments-am-weinberg-potsdam-germany/,,,191,$,171,10.0,1.0,hotelscom
Apartment Lindenstraße,False,Entire apartment,,,https://www.hotels.com/ho1004351808/apartment-lindenstra-e-potsdam-germany/,,,257,$,229,7.6,5.0,hotelscom
Mercure Hotel Potsdam City,False,"Potsdam, 14.74 mi from Berlin",Fully refundable,,https://www.hotels.com/ho182867/mercure-hotel-potsdam-city-potsdam-germany/,,,98,$,87,8.0,383.0,hotelscom
the niu Amity,False,"Potsdam, 14.82 mi from Berlin","Reserve now, pay later",,https://www.hotels.com/ho2347979744/the-niu-amity-potsdam-germany/,,,91,$,81,8.6,20.0,hotelscom
H24 Stadthotel Bernau,False,"Bernau bei Berlin, 14.86 mi from Berlin",,,https://www.hotels.com/ho2425152864/h24-stadthotel-bernau-bernau-bei-berlin-germany/,,,169,$,140,8.0,5.0,hotelscom
Design Apartments City,False,Entire apartment,Fully refundable,,https://www.hotels.com/ho1915518752/design-apartments-city-potsdam-germany/,,,156,$,140,,,hotelscom
Hotel Villa Monte Vino,False,"Potsdam, 14.88 mi from Berlin",Fully refundable,,https://www.hotels.com/ho300207/hotel-villa-monte-vino-potsdam-germany/,,,208,$,185,9.6,93.0,hotelscom
Design Apartments - Villa Arnim,False,Entire apartment,Fully refundable,,https://www.hotels.com/ho2032589600/design-apartments-villa-arnim-potsdam-germany/,,,147,$,131,9.6,5.0,hotelscom
Hotel Brandenburger Tor Potsdam,False,"Potsdam, 14.96 mi from Berlin",,,https://www.hotels.com/ho375925/hotel-brandenburger-tor-potsdam-potsdam-germany/,,,137,$,123,9.0,161.0,hotelscom
Hotel am Luisenplatz,False,"Potsdam, 15.03 mi from Berlin",,,https://www.hotels.com/ho212132/hotel-am-luisenplatz-potsdam-germany/,,,168,$,150,8.4,213.0,hotelscom
MAXX Hotel Sanssouci Potsdam,False,"Potsdam, 15.03 mi from Berlin",,,https://www.hotels.com/ho184477/maxx-by-steigenberger-sanssouci-potsdam-potsdam-germany/,,,96,$,86,8.2,916.0,hotelscom
Bed & Breakfast am Luisenplatz,False,"Potsdam, 15.05 mi from Berlin",Fully refundable,,https://www.hotels.com/ho1479501728/bed-breakfast-am-luisenplatz-potsdam-germany/,,,164,$,146,9.2,29.0,hotelscom
Hotel am Katharinenholz Potsdam,False,"Potsdam, 15.36 mi from Berlin",Fully refundable,,https://www.hotels.com/ho666862720/hotel-am-katharinenholz-potsdam-potsdam-germany/,,,164,$,146,9.6,28.0,hotelscom
